,month,actual_arrests,rate_per_100k,population,participated_population,ori
0,2024-01-01,0.0,0.0,673,0.0,NM0130500
1,2024-02-01,0.0,0.0,673,0.0,NM0130500
2,2024-03-01,0.0,0.0,673,0.0,NM0130500
3,2024-04-01,0.0,0.0,673,0.0,NM0130500
4,2024-05-01,0.0,0.0,673,0.0,NM0130500
5,2024-06-01,0.0,0.0,673,0.0,NM0130500
6,2024-07-01,0.0,0.0,673,0.0,NM0130500
7,2024-08-01,0.0,0.0,673,0.0,NM0130500
8,2024-09-01,0.0,0.0,673,0.0,NM0130500
9,2024-10-01,0.0,0.0,673,0.0,NM0130500
10,2024-11-01,0.0,0.0,673,0.0,NM0130500
11,2024-12-01,0.0,0.0,673,0.0,NM0130500
12,2024-01-01,47.0,291.33,16133,16133.0,NM0130000
13,2024-02-01,41.0,254.14,16133,16133.0,NM0130000
14,2024-03-01,49.0,303.73,16133,16133.0,NM0130000
15,2024-04-01,44.0,272.73,16133,16133.0,NM0130000
16,2024-05-01,52.0,322.32,16133,16133.0,NM0130000
17,2024-06-01,52.0,322.32,16133,16133.0,NM0130000
18,2024-07-01,41.0,254.14,16133,16133.0,NM0130000
19,2024-08-01,40.0,247.94,16133,16133.0,NM0130000
20,2024-09-01,27.0,167.36,16133,16133.0,NM0130000
21,2024-10-01,38.0,235.54,16133,16133.0,NM0130000
22,2024-11-01,44.0,272.73,16133,16133.0,NM0130000
23,2024-12-01,39.0,241.74,16133,16133.0,NM0130000
24,2024-01-01,3.0,103.31,2904,2904.0,NM0130100
25,2024-02-01,1.0,34.44,2904,2904.0,NM0130100
26,2024-03-01,0.0,0.0,2904,2904.0,NM0130100
27,2024-04-01,1.0,34.44,2904,2904.0,NM0130100
28,2024-05-01,2.0,68.87,2904,2904.0,NM0130100
29,2024-06-01,3.0,103.31,2904,2904.0,NM0130100
30,2024-07-01,1.0,34.44,2904,2904.0,NM0130100
31,2024-08-01,1.0,34.44,2904,2904.0,NM0130100
32,2024-09-01,2.0,68.87,2904,2904.0,NM0130100
33,2024-10-01,4.0,137.74,2904,2904.0,NM0130100
34,2024-11-01,2.0,68.87,2904,2904.0,NM0130100
35,2024-12-01,1.0,34.44,2904,2904.0,NM0130100
36,2024-01-01,192.0,492.66,38972,38972.0,NM0130200
37,2024-02-01,162.0,415.68,38972,38972.0,NM0130200
38,2024-03-01,198.0,508.06,38972,38972.0,NM0130200
39,2024-04-01,188.0,482.4,38972,38972.0,NM0130200
40,2024-05-01,219.0,561.94,38972,38972.0,NM0130200
41,2024-06-01,208.0,533.72,38972,38972.0,NM0130200
42,2024-07-01,200.0,513.19,38972,38972.0,NM0130200
43,2024-08-01,178.0,456.74,38972,38972.0,NM0130200
44,2024-09-01,177.0,454.17,38972,38972.0,NM0130200
45,2024-10-01,141.0,361.8,38972,38972.0,NM0130200
46,2024-11-01,131.0,336.14,38972,38972.0,NM0130200
47,2024-12-01,78.0,200.14,38972,38972.0,NM0130200
48,2024-01-01,0.0,0.0,2075,2075.0,NM0130300
49,2024-02-01,0.0,0.0,2075,2075.0,NM0130300
50,2024-03-01,1.0,48.19,2075,2075.0,NM0130300
51,2024-04-01,0.0,0.0,2075,2075.0,NM0130300
52,2024-05-01,0.0,0.0,2075,2075.0,NM0130300
53,2024-06-01,0.0,0.0,2075,2075.0,NM0130300
54,2024-07-01,0.0,0.0,2075,2075.0,NM0130300
55,2024-08-01,0.0,0.0,2075,2075.0,NM0130300
56,2024-09-01,0.0,0.0,2075,2075.0,NM0130300
57,2024-10-01,0.0,0.0,2075,2075.0,NM0130300
58,2024-11-01,0.0,0.0,2075,2075.0,NM0130300
59,2024-12-01,0.0,0.0,2075,2075.0,NM0130300
60,2024-01-01,0.0,0.0,11091,0.0,NM0130400
61,2024-02-01,0.0,0.0,11091,0.0,NM0130400
62,2024-03-01,0.0,0.0,11091,0.0,NM0130400
63,2024-04-01,0.0,0.0,11091,0.0,NM0130400
64,2024-05-01,0.0,0.0,11091,0.0,NM0130400
65,2024-06-01,0.0,0.0,11091,0.0,NM0130400
66,2024-07-01,0.0,0.0,11091,0.0,NM0130400
67,2024-08-01,0.0,0.0,11091,0.0,NM0130400
68,2024-09-01,0.0,0.0,11091,0.0,NM0130400
69,2024-10-01,0.0,0.0,11091,0.0,NM0130400
70,2024-11-01,0.0,0.0,11091,0.0,NM0130400
71,2024-12-01,0.0,0.0,11091,0.0,NM0130400
72,2024-01-01,0.0,0.0,1311,0.0,NM0080300
73,2024-02-01,0.0,0.0,1311,0.0,NM0080300
74,2024-03-01,0.0,0.0,1311,0.0,NM0080300
75,2024-04-01,0.0,0.0,1311,0.0,NM0080300
76,2024-05-01,0.0,0.0,1311,0.0,NM0080300
77,2024-06-01,0.0,0.0,1311,0.0,NM0080300
78,2024-07-01,0.0,0.0,1311,0.0,NM0080300
79,2024-08-01,0.0,0.0,1311,0.0,NM0080300
80,2024-09-01,0.0,0.0,1311,0.0,NM0080300
81,2024-10-01,0.0,0.0,1311,0.0,NM0080300
82,2024-11-01,0.0,0.0,1311,0.0,NM0080300
83,2024-12-01,0.0,0.0,1311,0.0,NM0080300
84,2024-01-01,83.0,265.66,31243,31243.0,NM0080200
85,2024-02-01,72.0,230.45,31243,31243.0,NM0080200
86,2024-03-01,122.0,390.49,31243,31243.0,NM0080200
87,2024-04-01,93.0,297.67,31243,31243.0,NM0080200
88,2024-05-01,81.0,259.26,31243,31243.0,NM0080200
89,2024-06-01,64.0,204.85,31243,31243.0,NM0080200
90,2024-07-01,32.0,102.42,31243,31243.0,NM0080200
91,2024-08-01,103.0,329.67,31243,31243.0,NM0080200
92,2024-09-01,74.0,236.85,31243,31243.0,NM0080200
93,2024-10-01,48.0,153.63,31243,31243.0,NM0080200
94,2024-11-01,53.0,169.64,31243,31243.0,NM0080200
95,2024-12-01,63.0,201.65,31243,31243.0,NM0080200
96,2024-01-01,13.0,106.98,12152,12152.0,NM0080100
97,2024-02-01,21.0,172.81,12152,12152.0,NM0080100
98,2024-03-01,19.0,156.35,12152,12152.0,NM0080100
99,2024-04-01,19.0,156.35,12152,12152.0,NM0080100
100,2024-05-01,25.0,205.73,12152,12152.0,NM0080100
101,2024-06-01,15.0,123.44,12152,12152.0,NM0080100
102,2024-07-01,16.0,131.67,12152,12152.0,NM0080100
103,2024-08-01,24.0,197.5,12152,12152.0,NM0080100
104,2024-09-01,24.0,197.5,12152,12152.0,NM0080100
105,2024-10-01,26.0,213.96,12152,12152.0,NM0080100
106,2024-11-01,26.0,213.96,12152,12152.0,NM0080100
107,2024-12-01,17.0,139.89,12152,12152.0,NM0080100
108,2024-01-01,74.0,484.52,15273,15273.0,NM0080000
109,2024-02-01,76.0,497.61,15273,15273.0,NM0080000
110,2024-03-01,69.0,451.78,15273,15273.0,NM0080000
111,2024-04-01,70.0,458.33,15273,15273.0,NM0080000
112,2024-05-01,67.0,438.68,15273,15273.0,NM0080000
113,2024-06-01,75.0,491.06,15273,15273.0,NM0080000
114,2024-07-01,78.0,510.71,15273,15273.0,NM0080000
115,2024-08-01,58.0,379.76,15273,15273.0,NM0080000
116,2024-09-01,73.0,477.97,15273,15273.0,NM0080000
117,2024-10-01,45.0,294.64,15273,15273.0,NM0080000
118,2024-11-01,0.0,0.0,15273,0.0,NM0080000
119,2024-12-01,1.0,6.55,15273,15273.0,NM0080000
120,2024-01-01,1.0,934.58,107,107.0,NM0080500
121,2024-02-01,0.0,0.0,107,0.0,NM0080500
122,2024-03-01,0.0,0.0,107,0.0,NM0080500
123,2024-04-01,0.0,0.0,107,0.0,NM0080500
124,2024-05-01,0.0,0.0,107,107.0,NM0080500
125,2024-06-01,0.0,0.0,107,0.0,NM0080500
126,2024-07-01,0.0,0.0,107,0.0,NM0080500
127,2024-08-01,1.0,934.58,107,107.0,NM0080500
128,2024-09-01,0.0,0.0,107,0.0,NM0080500
129,2024-10-01,2.0,1869.16,107,107.0,NM0080500
130,2024-11-01,2.0,1869.16,107,107.0,NM0080500
131,2024-12-01,0.0,0.0,107,107.0,NM0080500
132,2024-01-01,6.0,54.89,10930,10930.0,NM0160000
133,2024-02-01,5.0,45.75,10930,10930.0,NM0160000
134,2024-03-01,5.0,45.75,10930,10930.0,NM0160000
135,2024-04-01,5.0,45.75,10930,10930.0,NM0160000
136,2024-05-01,0.0,0.0,10930,0.0,NM0160000
137,2024-06-01,0.0,0.0,10930,0.0,NM0160000
138,2024-07-01,0.0,0.0,10930,0.0,NM0160000
139,2024-08-01,0.0,0.0,10930,0.0,NM0160000
140,2024-09-01,0.0,0.0,10930,0.0,NM0160000
141,2024-10-01,0.0,0.0,10930,0.0,NM0160000
142,2024-11-01,0.0,0.0,10930,0.0,NM0160000
143,2024-12-01,0.0,0.0,10930,0.0,NM0160000
144,2024-01-01,0.0,0.0,14543,0.0,NM0160100
145,2024-02-01,0.0,0.0,14543,0.0,NM0160100
146,2024-03-01,0.0,0.0,14543,0.0,NM0160100
147,2024-04-01,0.0,0.0,14543,0.0,NM0160100
148,2024-05-01,0.0,0.0,14543,0.0,NM0160100
149,2024-06-01,0.0,0.0,14543,0.0,NM0160100
150,2024-07-01,0.0,0.0,14543,0.0,NM0160100
151,2024-08-01,0.0,0.0,14543,0.0,NM0160100
152,2024-09-01,0.0,0.0,14543,0.0,NM0160100
153,2024-10-01,0.0,0.0,14543,0.0,NM0160100
154,2024-11-01,0.0,0.0,14543,0.0,NM0160100
155,2024-12-01,0.0,0.0,14543,0.0,NM0160100
156,2024-01-01,2.0,48.38,4134,4134.0,NM0180000
157,2024-02-01,8.0,193.52,4134,4134.0,NM0180000
158,2024-03-01,3.0,72.57,4134,4134.0,NM0180000
159,2024-04-01,11.0,266.09,4134,4134.0,NM0180000
160,2024-05-01,5.0,120.95,4134,4134.0,NM0180000
161,2024-06-01,10.0,241.9,4134,4134.0,NM0180000
162,2024-07-01,16.0,387.03,4134,4134.0,NM0180000
163,2024-08-01,7.0,169.33,4134,4134.0,NM0180000
164,2024-09-01,6.0,145.14,4134,4134.0,NM0180000
165,2024-10-01,10.0,241.9,4134,4134.0,NM0180000
166,2024-11-01,9.0,217.71,4134,4134.0,NM0180000
167,2024-12-01,3.0,72.57,4134,4134.0,NM0180000
168,2024-01-01,0.0,0.0,956,0.0,NM0200200
169,2024-02-01,1.0,104.6,956,956.0,NM0200200
170,2024-03-01,1.0,104.6,956,956.0,NM0200200
171,2024-04-01,2.0,209.21,956,956.0,NM0200200
172,2024-05-01,2.0,209.21,956,956.0,NM0200200
173,2024-06-01,1.0,104.6,956,956.0,NM0200200
174,2024-07-01,3.0,313.81,956,956.0,NM0200200
175,2024-08-01,3.0,313.81,956,956.0,NM0200200
176,2024-09-01,0.0,0.0,956,956.0,NM0200200
177,2024-10-01,3.0,313.81,956,956.0,NM0200200
178,2024-11-01,3.0,313.81,956,956.0,NM0200200
179,2024-12-01,3.0,313.81,956,956.0,NM0200200
180,2024-01-01,2.0,80.71,2478,2478.0,NM0200000
181,2024-02-01,5.0,201.78,2478,2478.0,NM0200000
182,2024-03-01,3.0,121.07,2478,2478.0,NM0200000
183,2024-04-01,1.0,40.36,2478,2478.0,NM0200000
184,2024-05-01,4.0,161.42,2478,2478.0,NM0200000
185,2024-06-01,1.0,40.36,2478,2478.0,NM0200000
186,2024-07-01,0.0,0.0,2478,2478.0,NM0200000
187,2024-08-01,1.0,40.36,2478,2478.0,NM0200000
188,2024-09-01,0.0,0.0,2478,2478.0,NM0200000
189,2024-10-01,1.0,40.36,2478,2478.0,NM0200000
190,2024-11-01,0.0,0.0,2478,0.0,NM0200000
191,2024-12-01,0.0,0.0,2478,0.0,NM0200000
192,2024-01-01,0.0,0.0,5078,0.0,NM0200100
193,2024-02-01,0.0,0.0,5078,0.0,NM0200100
194,2024-03-01,0.0,0.0,5078,0.0,NM0200100
195,2024-04-01,0.0,0.0,5078,0.0,NM0200100
196,2024-05-01,0.0,0.0,5078,0.0,NM0200100
197,2024-06-01,0.0,0.0,5078,0.0,NM0200100
198,2024-07-01,0.0,0.0,5078,0.0,NM0200100
199,2024-08-01,0.0,0.0,5078,0.0,NM0200100
200,2024-09-01,0.0,0.0,5078,0.0,NM0200100
201,2024-10-01,0.0,0.0,5078,0.0,NM0200100
202,2024-11-01,0.0,0.0,5078,0.0,NM0200100
203,2024-12-01,0.0,0.0,5078,0.0,NM0200100
204,2024-01-01,0.0,0.0,535,535.0,NM0290300
205,2024-02-01,0.0,0.0,535,535.0,NM0290300
206,2024-03-01,0.0,0.0,535,535.0,NM0290300
207,2024-04-01,0.0,0.0,535,535.0,NM0290300
208,2024-05-01,0.0,0.0,535,535.0,NM0290300
209,2024-06-01,0.0,0.0,535,535.0,NM0290300
210,2024-07-01,0.0,0.0,535,535.0,NM0290300
211,2024-08-01,0.0,0.0,535,535.0,NM0290300
212,2024-09-01,0.0,0.0,535,535.0,NM0290300
213,2024-10-01,0.0,0.0,535,535.0,NM0290300
214,2024-11-01,0.0,0.0,535,535.0,NM0290300
215,2024-12-01,0.0,0.0,535,535.0,NM0290300
216,2024-01-01,0.0,0.0,82,82.0,NM0290500
217,2024-02-01,0.0,0.0,82,82.0,NM0290500
218,2024-03-01,0.0,0.0,82,82.0,NM0290500
219,2024-04-01,0.0,0.0,82,0.0,NM0290500
220,2024-05-01,0.0,0.0,82,82.0,NM0290500
221,2024-06-01,0.0,0.0,82,0.0,NM0290500
222,2024-07-01,0.0,0.0,82,82.0,NM0290500
223,2024-08-01,0.0,0.0,82,82.0,NM0290500
224,2024-09-01,0.0,0.0,82,82.0,NM0290500
225,2024-10-01,0.0,0.0,82,82.0,NM0290500
226,2024-11-01,0.0,0.0,82,82.0,NM0290500
227,2024-12-01,0.0,0.0,82,82.0,NM0290500
228,2024-01-01,2.0,111.3,1797,1797.0,NM0290200
229,2024-02-01,0.0,0.0,1797,1797.0,NM0290200
230,2024-03-01,0.0,0.0,1797,1797.0,NM0290200
231,2024-04-01,1.0,55.65,1797,1797.0,NM0290200
232,2024-05-01,2.0,111.3,1797,1797.0,NM0290200
233,2024-06-01,1.0,55.65,1797,1797.0,NM0290200
234,2024-07-01,1.0,55.65,1797,1797.0,NM0290200
235,2024-08-01,2.0,111.3,1797,1797.0,NM0290200
236,2024-09-01,0.0,0.0,1797,1797.0,NM0290200
237,2024-10-01,1.0,55.65,1797,1797.0,NM0290200
238,2024-11-01,0.0,0.0,1797,1797.0,NM0290200
239,2024-12-01,0.0,0.0,1797,1797.0,NM0290200
240,2024-01-01,14.0,218.55,6406,6406.0,NM0290100
241,2024-02-01,14.0,218.55,6406,6406.0,NM0290100
242,2024-03-01,15.0,234.16,6406,6406.0,NM0290100
243,2024-04-01,8.0,124.88,6406,6406.0,NM0290100
244,2024-05-01,18.0,280.99,6406,6406.0,NM0290100
245,2024-06-01,19.0,296.6,6406,6406.0,NM0290100
246,2024-07-01,14.0,218.55,6406,6406.0,NM0290100
247,2024-08-01,19.0,296.6,6406,6406.0,NM0290100
248,2024-09-01,17.0,265.38,6406,6406.0,NM0290100
249,2024-10-01,15.0,234.16,6406,6406.0,NM0290100
250,2024-11-01,13.0,202.93,6406,6406.0,NM0290100
251,2024-12-01,21.0,327.82,6406,6406.0,NM0290100
252,2024-01-01,0.0,0.0,25843,25843.0,NM0290000
253,2024-02-01,0.0,0.0,25843,25843.0,NM0290000
254,2024-03-01,0.0,0.0,25843,25843.0,NM0290000
255,2024-04-01,0.0,0.0,25843,25843.0,NM0290000
256,2024-05-01,0.0,0.0,25843,25843.0,NM0290000
257,2024-06-01,0.0,0.0,25843,25843.0,NM0290000
258,2024-07-01,0.0,0.0,25843,25843.0,NM0290000
259,2024-08-01,1.0,3.87,25843,25843.0,NM0290000
260,2024-09-01,5.0,19.35,25843,25843.0,NM0290000
261,2024-10-01,3.0,11.61,25843,25843.0,NM0290000
262,2024-11-01,1.0,3.87,25843,25843.0,NM0290000
263,2024-12-01,0.0,0.0,25843,25843.0,NM0290000
264,2024-01-01,0.0,0.0,915,0.0,NM0050300
265,2024-02-01,0.0,0.0,915,0.0,NM0050300
266,2024-03-01,0.0,0.0,915,0.0,NM0050300
267,2024-04-01,0.0,0.0,915,0.0,NM0050300
268,2024-05-01,0.0,0.0,915,0.0,NM0050300
269,2024-06-01,0.0,0.0,915,0.0,NM0050300
270,2024-07-01,0.0,0.0,915,915.0,NM0050300
271,2024-08-01,0.0,0.0,915,915.0,NM0050300
272,2024-09-01,0.0,0.0,915,0.0,NM0050300
273,2024-10-01,0.0,0.0,915,0.0,NM0050300
274,2024-11-01,0.0,0.0,915,0.0,NM0050300
275,2024-12-01,0.0,0.0,915,0.0,NM0050300
276,2024-01-01,24.0,266.9,8992,8992.0,NM0050000
277,2024-02-01,33.0,366.99,8992,8992.0,NM0050000
278,2024-03-01,24.0,266.9,8992,8992.0,NM0050000
279,2024-04-01,29.0,322.51,8992,8992.0,NM0050000
280,2024-05-01,24.0,266.9,8992,8992.0,NM0050000
281,2024-06-01,1.0,11.12,8992,8992.0,NM0050000
282,2024-07-01,11.0,122.33,8992,8992.0,NM0050000
283,2024-08-01,24.0,266.9,8992,8992.0,NM0050000
284,2024-09-01,7.0,77.85,8992,8992.0,NM0050000
285,2024-10-01,16.0,177.94,8992,8992.0,NM0050000
286,2024-11-01,16.0,177.94,8992,8992.0,NM0050000
287,2024-12-01,29.0,322.51,8992,8992.0,NM0050000
288,2024-01-01,26.0,69.68,37316,37316.0,NM0050100
289,2024-02-01,46.0,123.27,37316,37316.0,NM0050100
290,2024-03-01,27.0,72.36,37316,37316.0,NM0050100
291,2024-04-01,56.0,150.07,37316,37316.0,NM0050100
292,2024-05-01,55.0,147.39,37316,37316.0,NM0050100
293,2024-06-01,43.0,115.23,37316,37316.0,NM0050100
294,2024-07-01,0.0,0.0,37316,0.0,NM0050100
295,2024-08-01,4.0,10.72,37316,37316.0,NM0050100
296,2024-09-01,22.0,58.96,37316,37316.0,NM0050100
297,2024-10-01,32.0,85.75,37316,37316.0,NM0050100
298,2024-11-01,39.0,104.51,37316,37316.0,NM0050100
299,2024-12-01,43.0,115.23,37316,37316.0,NM0050100
300,2024-01-01,0.0,0.0,13318,0.0,NM0090000
301,2024-02-01,0.0,0.0,13318,0.0,NM0090000
302,2024-03-01,0.0,0.0,13318,0.0,NM0090000
303,2024-04-01,0.0,0.0,13318,0.0,NM0090000
304,2024-05-01,0.0,0.0,13318,0.0,NM0090000
305,2024-06-01,0.0,0.0,13318,0.0,NM0090000
306,2024-07-01,0.0,0.0,13318,0.0,NM0090000
307,2024-08-01,0.0,0.0,13318,0.0,NM0090000
308,2024-09-01,0.0,0.0,13318,0.0,NM0090000
309,2024-10-01,0.0,0.0,13318,0.0,NM0090000
310,2024-11-01,0.0,0.0,13318,0.0,NM0090000
311,2024-12-01,0.0,0.0,13318,0.0,NM0090000
312,2024-01-01,0.0,0.0,9268,0.0,NM0090100
313,2024-02-01,0.0,0.0,9268,0.0,NM0090100
314,2024-03-01,0.0,0.0,9268,0.0,NM0090100
315,2024-04-01,0.0,0.0,9268,0.0,NM0090100
316,2024-05-01,0.0,0.0,9268,0.0,NM0090100
317,2024-06-01,0.0,0.0,9268,0.0,NM0090100
318,2024-07-01,0.0,0.0,9268,0.0,NM0090100
319,2024-08-01,0.0,0.0,9268,0.0,NM0090100
320,2024-09-01,0.0,0.0,9268,0.0,NM0090100
321,2024-10-01,0.0,0.0,9268,0.0,NM0090100
322,2024-11-01,0.0,0.0,9268,0.0,NM0090100
323,2024-12-01,0.0,0.0,9268,0.0,NM0090100
324,2024-01-01,11.0,537.63,2046,2046.0,NM0090200
325,2024-02-01,9.0,439.88,2046,2046.0,NM0090200
326,2024-03-01,10.0,488.76,2046,2046.0,NM0090200
327,2024-04-01,4.0,195.5,2046,2046.0,NM0090200
328,2024-05-01,6.0,293.26,2046,2046.0,NM0090200
329,2024-06-01,3.0,146.63,2046,2046.0,NM0090200
330,2024-07-01,4.0,195.5,2046,2046.0,NM0090200
331,2024-08-01,12.0,586.51,2046,2046.0,NM0090200
332,2024-09-01,8.0,391.01,2046,2046.0,NM0090200
333,2024-10-01,1.0,48.88,2046,2046.0,NM0090200
334,2024-11-01,5.0,244.38,2046,2046.0,NM0090200
335,2024-12-01,5.0,244.38,2046,2046.0,NM0090200
336,2024-01-01,2.0,125.16,1598,1598.0,NM0090300
337,2024-02-01,2.0,125.16,1598,1598.0,NM0090300
338,2024-03-01,1.0,62.58,1598,1598.0,NM0090300
339,2024-04-01,0.0,0.0,1598,1598.0,NM0090300
340,2024-05-01,2.0,125.16,1598,1598.0,NM0090300
341,2024-06-01,3.0,187.73,1598,1598.0,NM0090300
342,2024-07-01,3.0,187.73,1598,1598.0,NM0090300
343,2024-08-01,2.0,125.16,1598,1598.0,NM0090300
344,2024-09-01,1.0,62.58,1598,1598.0,NM0090300
345,2024-10-01,5.0,312.89,1598,1598.0,NM0090300
346,2024-11-01,0.0,0.0,1598,1598.0,NM0090300
347,2024-12-01,0.0,0.0,1598,1598.0,NM0090300
348,2024-01-01,0.0,0.0,1221,1221.0,NM0090400
349,2024-02-01,0.0,0.0,1221,1221.0,NM0090400
350,2024-03-01,0.0,0.0,1221,1221.0,NM0090400
351,2024-04-01,0.0,0.0,1221,1221.0,NM0090400
352,2024-05-01,0.0,0.0,1221,1221.0,NM0090400
353,2024-06-01,0.0,0.0,1221,1221.0,NM0090400
354,2024-07-01,0.0,0.0,1221,1221.0,NM0090400
355,2024-08-01,0.0,0.0,1221,1221.0,NM0090400
356,2024-09-01,0.0,0.0,1221,1221.0,NM0090400
357,2024-10-01,0.0,0.0,1221,1221.0,NM0090400
358,2024-11-01,0.0,0.0,1221,1221.0,NM0090400
359,2024-12-01,0.0,0.0,1221,1221.0,NM0090400
360,2024-01-01,0.0,-1.0,0,0.0,NM0090500
361,2024-02-01,0.0,0.0,0,0.0,NM0090500
362,2024-03-01,0.0,-1.0,0,0.0,NM0090500
363,2024-04-01,0.0,-1.0,0,0.0,NM0090500
364,2024-05-01,1.0,-1.0,0,0.0,NM0090500
365,2024-06-01,0.0,-1.0,0,0.0,NM0090500
366,2024-07-01,0.0,-1.0,0,0.0,NM0090500
367,2024-08-01,0.0,-1.0,0,0.0,NM0090500
368,2024-09-01,0.0,-1.0,0,0.0,NM0090500
369,2024-10-01,0.0,-1.0,0,0.0,NM0090500
370,2024-11-01,1.0,-1.0,0,0.0,NM0090500
371,2024-12-01,0.0,-1.0,0,0.0,NM0090500
372,2024-01-01,3.0,114.77,2614,2614.0,NM0190200
373,2024-02-01,0.0,0.0,2614,2614.0,NM0190200
374,2024-03-01,0.0,0.0,2614,2614.0,NM0190200
375,2024-04-01,0.0,0.0,2614,2614.0,NM0190200
376,2024-05-01,0.0,0.0,2614,2614.0,NM0190200
377,2024-06-01,0.0,0.0,2614,2614.0,NM0190200
378,2024-07-01,0.0,0.0,2614,2614.0,NM0190200
379,2024-08-01,1.0,38.26,2614,2614.0,NM0190200
380,2024-09-01,3.0,114.77,2614,2614.0,NM0190200
381,2024-10-01,3.0,114.77,2614,2614.0,NM0190200
382,2024-11-01,4.0,153.02,2614,2614.0,NM0190200
383,2024-12-01,3.0,114.77,2614,2614.0,NM0190200
384,2024-01-01,121.0,385.34,31401,31401.0,NM0190100
385,2024-02-01,193.0,614.63,31401,31401.0,NM0190100
386,2024-03-01,187.0,595.52,31401,31401.0,NM0190100
387,2024-04-01,234.0,745.2,31401,31401.0,NM0190100
388,2024-05-01,239.0,761.12,31401,31401.0,NM0190100
389,2024-06-01,224.0,713.35,31401,31401.0,NM0190100
390,2024-07-01,217.0,691.06,31401,31401.0,NM0190100
391,2024-08-01,232.0,738.83,31401,31401.0,NM0190100
392,2024-09-01,218.0,694.25,31401,31401.0,NM0190100
393,2024-10-01,186.0,592.34,31401,31401.0,NM0190100
394,2024-11-01,150.0,477.69,31401,31401.0,NM0190100
395,2024-12-01,181.0,576.41,31401,31401.0,NM0190100
396,2024-01-01,20.0,57.23,34945,34945.0,NM0190000
397,2024-02-01,51.0,145.94,34945,34945.0,NM0190000
398,2024-03-01,66.0,188.87,34945,34945.0,NM0190000
399,2024-04-01,2.0,5.72,34945,34945.0,NM0190000
400,2024-05-01,67.0,191.73,34945,34945.0,NM0190000
401,2024-06-01,96.0,274.72,34945,34945.0,NM0190000
402,2024-07-01,55.0,157.39,34945,34945.0,NM0190000
403,2024-08-01,49.0,140.22,34945,34945.0,NM0190000
404,2024-09-01,53.0,151.67,34945,34945.0,NM0190000
405,2024-10-01,57.0,163.11,34945,34945.0,NM0190000
406,2024-11-01,60.0,171.7,34945,34945.0,NM0190000
407,2024-12-01,56.0,160.25,34945,34945.0,NM0190000
408,2024-01-01,0.0,0.0,759,0.0,NM0190300
409,2024-02-01,0.0,0.0,759,0.0,NM0190300
410,2024-03-01,0.0,0.0,759,0.0,NM0190300
411,2024-04-01,0.0,0.0,759,0.0,NM0190300
412,2024-05-01,0.0,0.0,759,0.0,NM0190300
413,2024-06-01,0.0,0.0,759,0.0,NM0190300
414,2024-07-01,0.0,0.0,759,0.0,NM0190300
415,2024-08-01,0.0,0.0,759,0.0,NM0190300
416,2024-09-01,0.0,0.0,759,0.0,NM0190300
417,2024-10-01,0.0,0.0,759,0.0,NM0190300
418,2024-11-01,0.0,0.0,759,0.0,NM0190300
419,2024-12-01,0.0,0.0,759,0.0,NM0190300
420,2024-01-01,3.0,117.23,2559,2559.0,NM0310100
421,2024-02-01,1.0,39.08,2559,2559.0,NM0310100
422,2024-03-01,7.0,273.54,2559,2559.0,NM0310100
423,2024-04-01,6.0,234.47,2559,2559.0,NM0310100
424,2024-05-01,3.0,117.23,2559,2559.0,NM0310100
425,2024-06-01,9.0,351.7,2559,2559.0,NM0310100
426,2024-07-01,4.0,156.31,2559,2559.0,NM0310100
427,2024-08-01,5.0,195.39,2559,2559.0,NM0310100
428,2024-09-01,3.0,117.23,2559,2559.0,NM0310100
429,2024-10-01,6.0,234.47,2559,2559.0,NM0310100
430,2024-11-01,1.0,39.08,2559,2559.0,NM0310100
431,2024-12-01,6.0,234.47,2559,2559.0,NM0310100
432,2024-01-01,0.0,0.0,1402,0.0,NM0310000
433,2024-02-01,0.0,0.0,1402,0.0,NM0310000
434,2024-03-01,0.0,0.0,1402,0.0,NM0310000
435,2024-04-01,0.0,0.0,1402,0.0,NM0310000
436,2024-05-01,0.0,0.0,1402,0.0,NM0310000
437,2024-06-01,0.0,0.0,1402,0.0,NM0310000
438,2024-07-01,0.0,0.0,1402,0.0,NM0310000
439,2024-08-01,0.0,0.0,1402,0.0,NM0310000
440,2024-09-01,0.0,0.0,1402,0.0,NM0310000
441,2024-10-01,0.0,0.0,1402,0.0,NM0310000
442,2024-11-01,0.0,0.0,1402,0.0,NM0310000
443,2024-12-01,0.0,0.0,1402,0.0,NM0310000
444,2024-01-01,0.0,0.0,3932,3932.0,NM0020000
445,2024-02-01,0.0,0.0,3932,3932.0,NM0020000
446,2024-03-01,0.0,0.0,3932,3932.0,NM0020000
447,2024-04-01,1.0,25.43,3932,3932.0,NM0020000
448,2024-05-01,0.0,0.0,3932,3932.0,NM0020000
449,2024-06-01,0.0,0.0,3932,3932.0,NM0020000
450,2024-07-01,0.0,0.0,3932,3932.0,NM0020000
451,2024-08-01,1.0,25.43,3932,3932.0,NM0020000
452,2024-09-01,0.0,0.0,3932,3932.0,NM0020000
453,2024-10-01,0.0,0.0,3932,3932.0,NM0020000
454,2024-11-01,0.0,0.0,3932,3932.0,NM0020000
455,2024-12-01,0.0,0.0,3932,3932.0,NM0020000
456,2024-01-01,26.0,179.25,14505,14505.0,NM0030000
457,2024-02-01,22.0,151.67,14505,14505.0,NM0030000
458,2024-03-01,31.0,213.72,14505,14505.0,NM0030000
459,2024-04-01,40.0,275.77,14505,14505.0,NM0030000
460,2024-05-01,33.0,227.51,14505,14505.0,NM0030000
461,2024-06-01,31.0,213.72,14505,14505.0,NM0030000
462,2024-07-01,40.0,275.77,14505,14505.0,NM0030000
463,2024-08-01,26.0,179.25,14505,14505.0,NM0030000
464,2024-09-01,33.0,227.51,14505,14505.0,NM0030000
465,2024-10-01,29.0,199.93,14505,14505.0,NM0030000
466,2024-11-01,42.0,289.56,14505,14505.0,NM0030000
467,2024-12-01,36.0,248.19,14505,14505.0,NM0030000
468,2024-01-01,292.0,625.58,46677,46677.0,NM0030100
469,2024-02-01,247.0,529.17,46677,46677.0,NM0030100
470,2024-03-01,248.0,531.31,46677,46677.0,NM0030100
471,2024-04-01,260.0,557.02,46677,46677.0,NM0030100
472,2024-05-01,272.0,582.73,46677,46677.0,NM0030100
473,2024-06-01,284.0,608.44,46677,46677.0,NM0030100
474,2024-07-01,270.0,578.44,46677,46677.0,NM0030100
475,2024-08-01,317.0,679.14,46677,46677.0,NM0030100
476,2024-09-01,293.0,627.72,46677,46677.0,NM0030100
477,2024-10-01,239.0,512.03,46677,46677.0,NM0030100
478,2024-11-01,254.0,544.17,46677,46677.0,NM0030100
479,2024-12-01,265.0,567.73,46677,46677.0,NM0030100
480,2024-01-01,1.0,95.51,1047,1047.0,NM0030200
481,2024-02-01,1.0,95.51,1047,1047.0,NM0030200
482,2024-03-01,0.0,0.0,1047,0.0,NM0030200
483,2024-04-01,1.0,95.51,1047,1047.0,NM0030200
484,2024-05-01,0.0,0.0,1047,0.0,NM0030200
485,2024-06-01,2.0,191.02,1047,1047.0,NM0030200
486,2024-07-01,1.0,95.51,1047,1047.0,NM0030200
487,2024-08-01,0.0,0.0,1047,0.0,NM0030200
488,2024-09-01,0.0,0.0,1047,1047.0,NM0030200
489,2024-10-01,0.0,0.0,1047,1047.0,NM0030200
490,2024-11-01,0.0,0.0,1047,1047.0,NM0030200
491,2024-12-01,0.0,0.0,1047,1047.0,NM0030200
492,2024-01-01,0.0,0.0,947,947.0,NM0030300
493,2024-02-01,0.0,0.0,947,947.0,NM0030300
494,2024-03-01,0.0,0.0,947,0.0,NM0030300
495,2024-04-01,0.0,0.0,947,947.0,NM0030300
496,2024-05-01,0.0,0.0,947,947.0,NM0030300
497,2024-06-01,1.0,105.6,947,947.0,NM0030300
498,2024-07-01,0.0,0.0,947,0.0,NM0030300
499,2024-08-01,0.0,0.0,947,947.0,NM0030300
500,2024-09-01,0.0,0.0,947,947.0,NM0030300
501,2024-10-01,0.0,0.0,947,947.0,NM0030300
502,2024-11-01,0.0,0.0,947,947.0,NM0030300
503,2024-12-01,0.0,0.0,947,947.0,NM0030300
504,2024-01-01,0.0,-1.0,0,0.0,NM0030400
505,2024-02-01,0.0,-1.0,0,0.0,NM0030400
506,2024-03-01,0.0,-1.0,0,0.0,NM0030400
507,2024-04-01,0.0,-1.0,0,0.0,NM0030400
508,2024-05-01,0.0,0.0,0,0.0,NM0030400
509,2024-06-01,0.0,-1.0,0,0.0,NM0030400
510,2024-07-01,0.0,-1.0,0,0.0,NM0030400
511,2024-08-01,0.0,-1.0,0,0.0,NM0030400
512,2024-09-01,0.0,-1.0,0,0.0,NM0030400
513,2024-10-01,0.0,-1.0,0,0.0,NM0030400
514,2024-11-01,0.0,-1.0,0,0.0,NM0030400
515,2024-12-01,0.0,-1.0,0,0.0,NM0030400
516,2024-01-01,0.0,0.0,372,372.0,NM0030500
517,2024-02-01,0.0,0.0,372,372.0,NM0030500
518,2024-03-01,0.0,0.0,372,372.0,NM0030500
519,2024-04-01,0.0,0.0,372,372.0,NM0030500
520,2024-05-01,0.0,0.0,372,372.0,NM0030500
521,2024-06-01,0.0,0.0,372,372.0,NM0030500
522,2024-07-01,0.0,0.0,372,372.0,NM0030500
523,2024-08-01,0.0,0.0,372,0.0,NM0030500
524,2024-09-01,0.0,0.0,372,372.0,NM0030500
525,2024-10-01,0.0,0.0,372,372.0,NM0030500
526,2024-11-01,0.0,0.0,372,372.0,NM0030500
527,2024-12-01,0.0,0.0,372,372.0,NM0030500
528,2024-01-01,5.0,32.3,15480,15480.0,NM0330000
529,2024-02-01,11.0,71.06,15480,15480.0,NM0330000
530,2024-03-01,9.0,58.14,15480,15480.0,NM0330000
531,2024-04-01,3.0,19.38,15480,15480.0,NM0330000
532,2024-05-01,9.0,58.14,15480,15480.0,NM0330000
533,2024-06-01,9.0,58.14,15480,15480.0,NM0330000
534,2024-07-01,10.0,64.6,15480,15480.0,NM0330000
535,2024-08-01,6.0,38.76,15480,15480.0,NM0330000
536,2024-09-01,1.0,6.46,15480,15480.0,NM0330000
537,2024-10-01,7.0,45.22,15480,15480.0,NM0330000
538,2024-11-01,6.0,38.76,15480,15480.0,NM0330000
539,2024-12-01,2.0,12.92,15480,15480.0,NM0330000
540,2024-01-01,29.0,323.91,8953,8953.0,NM0330100
541,2024-02-01,19.0,212.22,8953,8953.0,NM0330100
542,2024-03-01,28.0,312.74,8953,8953.0,NM0330100
543,2024-04-01,17.0,189.88,8953,8953.0,NM0330100
544,2024-05-01,33.0,368.59,8953,8953.0,NM0330100
545,2024-06-01,33.0,368.59,8953,8953.0,NM0330100
546,2024-07-01,36.0,402.1,8953,8953.0,NM0330100
547,2024-08-01,26.0,290.41,8953,8953.0,NM0330100
548,2024-09-01,27.0,301.57,8953,8953.0,NM0330100
549,2024-10-01,16.0,178.71,8953,8953.0,NM0330100
550,2024-11-01,22.0,245.73,8953,8953.0,NM0330100
551,2024-12-01,18.0,201.05,8953,8953.0,NM0330100
552,2024-01-01,9.0,366.45,2456,2456.0,NM0330200
553,2024-02-01,13.0,529.32,2456,2456.0,NM0330200
554,2024-03-01,13.0,529.32,2456,2456.0,NM0330200
555,2024-04-01,12.0,488.6,2456,2456.0,NM0330200
556,2024-05-01,15.0,610.75,2456,2456.0,NM0330200
557,2024-06-01,7.0,285.02,2456,2456.0,NM0330200
558,2024-07-01,8.0,325.73,2456,2456.0,NM0330200
559,2024-08-01,15.0,610.75,2456,2456.0,NM0330200
560,2024-09-01,9.0,366.45,2456,2456.0,NM0330200
561,2024-10-01,9.0,366.45,2456,2456.0,NM0330200
562,2024-11-01,13.0,529.32,2456,2456.0,NM0330200
563,2024-12-01,11.0,447.88,2456,2456.0,NM0330200
564,2024-01-01,0.0,0.0,789,0.0,NM0040200
565,2024-02-01,0.0,0.0,789,789.0,NM0040200
566,2024-03-01,0.0,0.0,789,0.0,NM0040200
567,2024-04-01,0.0,0.0,789,0.0,NM0040200
568,2024-05-01,0.0,0.0,789,0.0,NM0040200
569,2024-06-01,0.0,0.0,789,0.0,NM0040200
570,2024-07-01,0.0,0.0,789,0.0,NM0040200
571,2024-08-01,0.0,0.0,789,0.0,NM0040200
572,2024-09-01,0.0,0.0,789,0.0,NM0040200
573,2024-10-01,0.0,0.0,789,0.0,NM0040200
574,2024-11-01,0.0,0.0,789,0.0,NM0040200
575,2024-12-01,0.0,0.0,789,0.0,NM0040200
576,2024-01-01,4.0,431.97,926,926.0,NM0040300
577,2024-02-01,0.0,0.0,926,926.0,NM0040300
578,2024-03-01,2.0,215.98,926,926.0,NM0040300
579,2024-04-01,0.0,0.0,926,0.0,NM0040300
580,2024-05-01,0.0,0.0,926,926.0,NM0040300
581,2024-06-01,0.0,0.0,926,926.0,NM0040300
582,2024-07-01,3.0,323.97,926,926.0,NM0040300
583,2024-08-01,1.0,107.99,926,926.0,NM0040300
584,2024-09-01,2.0,215.98,926,926.0,NM0040300
585,2024-10-01,0.0,0.0,926,926.0,NM0040300
586,2024-11-01,3.0,323.97,926,926.0,NM0040300
587,2024-12-01,1.0,107.99,926,926.0,NM0040300
588,2024-01-01,4.0,341.59,1171,1171.0,NM0040500
589,2024-02-01,0.0,0.0,1171,1171.0,NM0040500
590,2024-03-01,2.0,170.79,1171,1171.0,NM0040500
591,2024-04-01,0.0,0.0,1171,1171.0,NM0040500
592,2024-05-01,0.0,0.0,1171,0.0,NM0040500
593,2024-06-01,1.0,85.4,1171,1171.0,NM0040500
594,2024-07-01,3.0,256.19,1171,1171.0,NM0040500
595,2024-08-01,2.0,170.79,1171,1171.0,NM0040500
596,2024-09-01,0.0,0.0,1171,1171.0,NM0040500
597,2024-10-01,0.0,0.0,1171,1171.0,NM0040500
598,2024-11-01,2.0,170.79,1171,1171.0,NM0040500
599,2024-12-01,2.0,170.79,1171,1171.0,NM0040500
600,2024-01-01,45.0,754.91,5961,5961.0,NM0040100
601,2024-02-01,35.0,587.15,5961,5961.0,NM0040100
602,2024-03-01,30.0,503.27,5961,5961.0,NM0040100
603,2024-04-01,35.0,587.15,5961,5961.0,NM0040100
604,2024-05-01,32.0,536.82,5961,5961.0,NM0040100
605,2024-06-01,7.0,117.43,5961,5961.0,NM0040100
606,2024-07-01,7.0,117.43,5961,5961.0,NM0040100
607,2024-08-01,10.0,167.76,5961,5961.0,NM0040100
608,2024-09-01,11.0,184.53,5961,5961.0,NM0040100
609,2024-10-01,10.0,167.76,5961,5961.0,NM0040100
610,2024-11-01,8.0,134.21,5961,5961.0,NM0040100
611,2024-12-01,7.0,117.43,5961,5961.0,NM0040100
612,2024-01-01,0.0,0.0,3474,0.0,NM0040000
613,2024-02-01,0.0,0.0,3474,0.0,NM0040000
614,2024-03-01,0.0,0.0,3474,0.0,NM0040000
615,2024-04-01,0.0,0.0,3474,0.0,NM0040000
616,2024-05-01,0.0,0.0,3474,0.0,NM0040000
617,2024-06-01,0.0,0.0,3474,0.0,NM0040000
618,2024-07-01,0.0,0.0,3474,0.0,NM0040000
619,2024-08-01,0.0,0.0,3474,0.0,NM0040000
620,2024-09-01,0.0,0.0,3474,0.0,NM0040000
621,2024-10-01,0.0,0.0,3474,0.0,NM0040000
622,2024-11-01,0.0,0.0,3474,0.0,NM0040000
623,2024-12-01,0.0,0.0,3474,0.0,NM0040000
624,2024-01-01,0.0,0.0,5985,5985.0,NM0270100
625,2024-02-01,0.0,0.0,5985,5985.0,NM0270100
626,2024-03-01,1.0,16.71,5985,5985.0,NM0270100
627,2024-04-01,0.0,0.0,5985,5985.0,NM0270100
628,2024-05-01,0.0,0.0,5985,5985.0,NM0270100
629,2024-06-01,0.0,0.0,5985,5985.0,NM0270100
630,2024-07-01,3.0,50.13,5985,5985.0,NM0270100
631,2024-08-01,1.0,16.71,5985,5985.0,NM0270100
632,2024-09-01,1.0,16.71,5985,5985.0,NM0270100
633,2024-10-01,0.0,0.0,5985,5985.0,NM0270100
634,2024-11-01,0.0,0.0,5985,5985.0,NM0270100
635,2024-12-01,1.0,16.71,5985,5985.0,NM0270100
636,2024-01-01,11.0,197.49,5570,5570.0,NM0270000
637,2024-02-01,6.0,107.72,5570,5570.0,NM0270000
638,2024-03-01,7.0,125.67,5570,5570.0,NM0270000
639,2024-04-01,7.0,125.67,5570,5570.0,NM0270000
640,2024-05-01,15.0,269.3,5570,5570.0,NM0270000
641,2024-06-01,0.0,0.0,5570,0.0,NM0270000
642,2024-07-01,0.0,0.0,5570,0.0,NM0270000
643,2024-08-01,0.0,0.0,5570,0.0,NM0270000
644,2024-09-01,0.0,0.0,5570,0.0,NM0270000
645,2024-10-01,0.0,0.0,5570,0.0,NM0270000
646,2024-11-01,0.0,0.0,5570,0.0,NM0270000
647,2024-12-01,0.0,0.0,5570,0.0,NM0270000
648,2024-01-01,0.0,0.0,1662,1662.0,NM0060000
649,2024-02-01,0.0,0.0,1662,1662.0,NM0060000
650,2024-03-01,1.0,60.17,1662,1662.0,NM0060000
651,2024-04-01,0.0,0.0,1662,1662.0,NM0060000
652,2024-05-01,1.0,60.17,1662,1662.0,NM0060000
653,2024-06-01,0.0,0.0,1662,1662.0,NM0060000
654,2024-07-01,0.0,0.0,1662,1662.0,NM0060000
655,2024-08-01,0.0,0.0,1662,1662.0,NM0060000
656,2024-09-01,0.0,0.0,1662,1662.0,NM0060000
657,2024-10-01,0.0,0.0,1662,1662.0,NM0060000
658,2024-11-01,0.0,0.0,1662,1662.0,NM0060000
659,2024-12-01,0.0,0.0,1662,1662.0,NM0060000
660,2024-01-01,0.0,0.0,620,0.0,NM0110000
661,2024-02-01,0.0,0.0,620,0.0,NM0110000
662,2024-03-01,0.0,0.0,620,0.0,NM0110000
663,2024-04-01,0.0,0.0,620,0.0,NM0110000
664,2024-05-01,0.0,0.0,620,0.0,NM0110000
665,2024-06-01,0.0,0.0,620,0.0,NM0110000
666,2024-07-01,0.0,0.0,620,0.0,NM0110000
667,2024-08-01,0.0,0.0,620,0.0,NM0110000
668,2024-09-01,0.0,0.0,620,0.0,NM0110000
669,2024-10-01,0.0,0.0,620,0.0,NM0110000
670,2024-11-01,0.0,0.0,620,0.0,NM0110000
671,2024-12-01,0.0,0.0,620,0.0,NM0110000
672,2024-01-01,3.0,169.68,1768,1768.0,NM0120000
673,2024-02-01,4.0,226.24,1768,1768.0,NM0120000
674,2024-03-01,4.0,226.24,1768,1768.0,NM0120000
675,2024-04-01,1.0,56.56,1768,1768.0,NM0120000
676,2024-05-01,2.0,113.12,1768,1768.0,NM0120000
677,2024-06-01,6.0,339.37,1768,1768.0,NM0120000
678,2024-07-01,3.0,169.68,1768,1768.0,NM0120000
679,2024-08-01,3.0,169.68,1768,1768.0,NM0120000
680,2024-09-01,1.0,56.56,1768,1768.0,NM0120000
681,2024-10-01,2.0,113.12,1768,1768.0,NM0120000
682,2024-11-01,2.0,113.12,1768,1768.0,NM0120000
683,2024-12-01,1.0,56.56,1768,1768.0,NM0120000
684,2024-01-01,18.0,831.79,2164,2164.0,NM0120100
685,2024-02-01,19.0,878.0,2164,2164.0,NM0120100
686,2024-03-01,22.0,1016.64,2164,2164.0,NM0120100
687,2024-04-01,24.0,1109.06,2164,2164.0,NM0120100
688,2024-05-01,9.0,415.9,2164,2164.0,NM0120100
689,2024-06-01,13.0,600.74,2164,2164.0,NM0120100
690,2024-07-01,11.0,508.32,2164,2164.0,NM0120100
691,2024-08-01,23.0,1062.85,2164,2164.0,NM0120100
692,2024-09-01,13.0,600.74,2164,2164.0,NM0120100
693,2024-10-01,12.0,554.53,2164,2164.0,NM0120100
694,2024-11-01,22.0,1016.64,2164,2164.0,NM0120100
695,2024-12-01,19.0,878.0,2164,2164.0,NM0120100
696,2024-01-01,0.0,0.0,7543,0.0,NM0140000
697,2024-02-01,0.0,0.0,7543,0.0,NM0140000
698,2024-03-01,0.0,0.0,7543,0.0,NM0140000
699,2024-04-01,0.0,0.0,7543,0.0,NM0140000
700,2024-05-01,0.0,0.0,7543,0.0,NM0140000
701,2024-06-01,0.0,0.0,7543,0.0,NM0140000
702,2024-07-01,0.0,0.0,7543,0.0,NM0140000
703,2024-08-01,0.0,0.0,7543,0.0,NM0140000
704,2024-09-01,0.0,0.0,7543,0.0,NM0140000
705,2024-10-01,0.0,0.0,7543,0.0,NM0140000
706,2024-11-01,0.0,0.0,7543,0.0,NM0140000
707,2024-12-01,0.0,0.0,7543,0.0,NM0140000
708,2024-01-01,0.0,0.0,1391,1391.0,NM0140400
709,2024-02-01,1.0,71.89,1391,1391.0,NM0140400
710,2024-03-01,0.0,0.0,1391,1391.0,NM0140400
711,2024-04-01,1.0,71.89,1391,1391.0,NM0140400
712,2024-05-01,1.0,71.89,1391,1391.0,NM0140400
713,2024-06-01,0.0,0.0,1391,1391.0,NM0140400
714,2024-07-01,0.0,0.0,1391,1391.0,NM0140400
715,2024-08-01,1.0,71.89,1391,1391.0,NM0140400
716,2024-09-01,0.0,0.0,1391,1391.0,NM0140400
717,2024-10-01,2.0,143.78,1391,1391.0,NM0140400
718,2024-11-01,1.0,71.89,1391,1391.0,NM0140400
719,2024-12-01,2.0,143.78,1391,1391.0,NM0140400
720,2024-01-01,0.0,0.0,2559,0.0,NM0140300
721,2024-02-01,0.0,0.0,2559,0.0,NM0140300
722,2024-03-01,0.0,0.0,2559,0.0,NM0140300
723,2024-04-01,0.0,0.0,2559,0.0,NM0140300
724,2024-05-01,0.0,0.0,2559,0.0,NM0140300
725,2024-06-01,0.0,0.0,2559,0.0,NM0140300
726,2024-07-01,0.0,0.0,2559,0.0,NM0140300
727,2024-08-01,0.0,0.0,2559,0.0,NM0140300
728,2024-09-01,0.0,0.0,2559,0.0,NM0140300
729,2024-10-01,0.0,0.0,2559,0.0,NM0140300
730,2024-11-01,0.0,0.0,2559,0.0,NM0140300
731,2024-12-01,0.0,0.0,2559,0.0,NM0140300
732,2024-01-01,0.0,0.0,955,955.0,NM0140200
733,2024-02-01,0.0,0.0,955,0.0,NM0140200
734,2024-03-01,0.0,0.0,955,955.0,NM0140200
735,2024-04-01,1.0,104.71,955,955.0,NM0140200
736,2024-05-01,0.0,0.0,955,955.0,NM0140200
737,2024-06-01,0.0,0.0,955,955.0,NM0140200
738,2024-07-01,0.0,0.0,955,955.0,NM0140200
739,2024-08-01,0.0,0.0,955,955.0,NM0140200
740,2024-09-01,1.0,104.71,955,955.0,NM0140200
741,2024-10-01,0.0,0.0,955,955.0,NM0140200
742,2024-11-01,0.0,0.0,955,955.0,NM0140200
743,2024-12-01,0.0,0.0,955,955.0,NM0140200
744,2024-01-01,0.0,0.0,7650,0.0,NM0140100
745,2024-02-01,0.0,0.0,7650,0.0,NM0140100
746,2024-03-01,0.0,0.0,7650,0.0,NM0140100
747,2024-04-01,0.0,0.0,7650,0.0,NM0140100
748,2024-05-01,0.0,0.0,7650,0.0,NM0140100
749,2024-06-01,0.0,0.0,7650,0.0,NM0140100
750,2024-07-01,0.0,0.0,7650,0.0,NM0140100
751,2024-08-01,0.0,0.0,7650,0.0,NM0140100
752,2024-09-01,0.0,0.0,7650,0.0,NM0140100
753,2024-10-01,0.0,0.0,7650,0.0,NM0140100
754,2024-11-01,0.0,0.0,7650,0.0,NM0140100
755,2024-12-01,0.0,0.0,7650,0.0,NM0140100
756,2024-01-01,0.0,0.0,770,770.0,NM0280200
757,2024-02-01,0.0,0.0,770,770.0,NM0280200
758,2024-03-01,0.0,0.0,770,770.0,NM0280200
759,2024-04-01,1.0,129.87,770,770.0,NM0280200
760,2024-05-01,1.0,129.87,770,770.0,NM0280200
761,2024-06-01,0.0,0.0,770,770.0,NM0280200
762,2024-07-01,2.0,259.74,770,770.0,NM0280200
763,2024-08-01,0.0,0.0,770,770.0,NM0280200
764,2024-09-01,0.0,0.0,770,0.0,NM0280200
765,2024-10-01,1.0,129.87,770,770.0,NM0280200
766,2024-11-01,1.0,129.87,770,770.0,NM0280200
767,2024-12-01,0.0,0.0,770,770.0,NM0280200
768,2024-01-01,6.0,87.32,6871,6871.0,NM0280000
769,2024-02-01,4.0,58.22,6871,6871.0,NM0280000
770,2024-03-01,8.0,116.43,6871,6871.0,NM0280000
771,2024-04-01,4.0,58.22,6871,6871.0,NM0280000
772,2024-05-01,4.0,58.22,6871,6871.0,NM0280000
773,2024-06-01,4.0,58.22,6871,6871.0,NM0280000
774,2024-07-01,0.0,0.0,6871,6871.0,NM0280000
775,2024-08-01,12.0,174.65,6871,6871.0,NM0280000
776,2024-09-01,10.0,145.54,6871,6871.0,NM0280000
777,2024-10-01,8.0,116.43,6871,6871.0,NM0280000
778,2024-11-01,8.0,116.43,6871,6871.0,NM0280000
779,2024-12-01,7.0,101.88,6871,6871.0,NM0280000
780,2024-01-01,37.0,448.05,8258,8258.0,NM0280100
781,2024-02-01,30.0,363.28,8258,8258.0,NM0280100
782,2024-03-01,43.0,520.71,8258,8258.0,NM0280100
783,2024-04-01,53.0,641.8,8258,8258.0,NM0280100
784,2024-05-01,50.0,605.47,8258,8258.0,NM0280100
785,2024-06-01,74.0,896.1,8258,8258.0,NM0280100
786,2024-07-01,77.0,932.43,8258,8258.0,NM0280100
787,2024-08-01,69.0,835.55,8258,8258.0,NM0280100
788,2024-09-01,76.0,920.32,8258,8258.0,NM0280100
789,2024-10-01,0.0,0.0,8258,0.0,NM0280100
790,2024-11-01,0.0,0.0,8258,0.0,NM0280100
791,2024-12-01,0.0,0.0,8258,0.0,NM0280100
792,2024-01-01,0.0,-1.0,0,0.0,NM0280300
793,2024-02-01,0.0,-1.0,0,0.0,NM0280300
794,2024-03-01,0.0,-1.0,0,0.0,NM0280300
795,2024-04-01,1.0,-1.0,0,0.0,NM0280300
796,2024-05-01,0.0,-1.0,0,0.0,NM0280300
797,2024-06-01,0.0,-1.0,0,0.0,NM0280300
798,2024-07-01,0.0,-1.0,0,0.0,NM0280300
799,2024-08-01,0.0,-1.0,0,0.0,NM0280300
800,2024-09-01,0.0,-1.0,0,0.0,NM0280300
801,2024-10-01,1.0,-1.0,0,0.0,NM0280300
802,2024-11-01,1.0,-1.0,0,0.0,NM0280300
803,2024-12-01,0.0,-1.0,0,0.0,NM0280300
804,2024-01-01,0.0,0.0,1789,0.0,NM0070500
805,2024-02-01,0.0,0.0,1789,0.0,NM0070500
806,2024-03-01,0.0,0.0,1789,0.0,NM0070500
807,2024-04-01,0.0,0.0,1789,0.0,NM0070500
808,2024-05-01,0.0,0.0,1789,0.0,NM0070500
809,2024-06-01,0.0,0.0,1789,0.0,NM0070500
810,2024-07-01,0.0,0.0,1789,0.0,NM0070500
811,2024-08-01,0.0,0.0,1789,0.0,NM0070500
812,2024-09-01,0.0,0.0,1789,0.0,NM0070500
813,2024-10-01,0.0,0.0,1789,0.0,NM0070500
814,2024-11-01,0.0,0.0,1789,0.0,NM0070500
815,2024-12-01,0.0,0.0,1789,0.0,NM0070500
816,2024-01-01,11.0,61.12,17996,17996.0,NM0070600
817,2024-02-01,15.0,83.35,17996,17996.0,NM0070600
818,2024-03-01,19.0,105.58,17996,17996.0,NM0070600
819,2024-04-01,12.0,66.68,17996,17996.0,NM0070600
820,2024-05-01,11.0,61.12,17996,17996.0,NM0070600
821,2024-06-01,9.0,50.01,17996,17996.0,NM0070600
822,2024-07-01,12.0,66.68,17996,17996.0,NM0070600
823,2024-08-01,25.0,138.92,17996,17996.0,NM0070600
824,2024-09-01,18.0,100.02,17996,17996.0,NM0070600
825,2024-10-01,21.0,116.69,17996,17996.0,NM0070600
826,2024-11-01,16.0,88.91,17996,17996.0,NM0070600
827,2024-12-01,25.0,138.92,17996,17996.0,NM0070600
828,2024-01-01,228.0,196.59,115977,115977.0,NM0070100
829,2024-02-01,195.0,168.14,115977,115977.0,NM0070100
830,2024-03-01,190.0,163.83,115977,115977.0,NM0070100
831,2024-04-01,203.0,175.03,115977,115977.0,NM0070100
832,2024-05-01,182.0,156.93,115977,115977.0,NM0070100
833,2024-06-01,161.0,138.82,115977,115977.0,NM0070100
834,2024-07-01,217.0,187.11,115977,115977.0,NM0070100
835,2024-08-01,284.0,244.88,115977,115977.0,NM0070100
836,2024-09-01,224.0,193.14,115977,115977.0,NM0070100
837,2024-10-01,278.0,239.7,115977,115977.0,NM0070100
838,2024-11-01,221.0,190.56,115977,115977.0,NM0070100
839,2024-12-01,247.0,212.97,115977,115977.0,NM0070100
840,2024-01-01,5.0,57.25,8733,8733.0,NM0070200
841,2024-02-01,9.0,103.06,8733,8733.0,NM0070200
842,2024-03-01,9.0,103.06,8733,8733.0,NM0070200
843,2024-04-01,5.0,57.25,8733,8733.0,NM0070200
844,2024-05-01,6.0,68.7,8733,8733.0,NM0070200
845,2024-06-01,7.0,80.16,8733,8733.0,NM0070200
846,2024-07-01,18.0,206.11,8733,8733.0,NM0070200
847,2024-08-01,13.0,148.86,8733,8733.0,NM0070200
848,2024-09-01,13.0,148.86,8733,8733.0,NM0070200
849,2024-10-01,6.0,68.7,8733,8733.0,NM0070200
850,2024-11-01,5.0,57.25,8733,8733.0,NM0070200
851,2024-12-01,6.0,68.7,8733,8733.0,NM0070200
852,2024-01-01,0.0,0.0,1575,1575.0,NM0070300
853,2024-02-01,0.0,0.0,1575,1575.0,NM0070300
854,2024-03-01,3.0,190.48,1575,1575.0,NM0070300
855,2024-04-01,1.0,63.49,1575,1575.0,NM0070300
856,2024-05-01,0.0,0.0,1575,1575.0,NM0070300
857,2024-06-01,5.0,317.46,1575,1575.0,NM0070300
858,2024-07-01,4.0,253.97,1575,1575.0,NM0070300
859,2024-08-01,4.0,253.97,1575,1575.0,NM0070300
860,2024-09-01,5.0,317.46,1575,1575.0,NM0070300
861,2024-10-01,17.0,1079.37,1575,1575.0,NM0070300
862,2024-11-01,14.0,888.89,1575,1575.0,NM0070300
863,2024-12-01,5.0,317.46,1575,1575.0,NM0070300
864,2024-01-01,2.0,-1.0,0,0.0,NM0070400
865,2024-02-01,8.0,-1.0,0,0.0,NM0070400
866,2024-03-01,14.0,-1.0,0,0.0,NM0070400
867,2024-04-01,12.0,-1.0,0,0.0,NM0070400
868,2024-05-01,21.0,-1.0,0,0.0,NM0070400
869,2024-06-01,5.0,-1.0,0,0.0,NM0070400
870,2024-07-01,3.0,-1.0,0,0.0,NM0070400
871,2024-08-01,19.0,-1.0,0,0.0,NM0070400
872,2024-09-01,16.0,-1.0,0,0.0,NM0070400
873,2024-10-01,2.0,-1.0,0,0.0,NM0070400
874,2024-11-01,5.0,-1.0,0,0.0,NM0070400
875,2024-12-01,1.0,-1.0,0,0.0,NM0070400
876,2024-01-01,56.0,67.71,82708,82708.0,NM0070000
877,2024-02-01,76.0,91.89,82708,82708.0,NM0070000
878,2024-03-01,86.0,103.98,82708,82708.0,NM0070000
879,2024-04-01,79.0,95.52,82708,82708.0,NM0070000
880,2024-05-01,79.0,95.52,82708,82708.0,NM0070000
881,2024-06-01,64.0,77.38,82708,82708.0,NM0070000
882,2024-07-01,63.0,76.17,82708,82708.0,NM0070000
883,2024-08-01,59.0,71.34,82708,82708.0,NM0070000
884,2024-09-01,69.0,83.43,82708,82708.0,NM0070000
885,2024-10-01,66.0,79.8,82708,82708.0,NM0070000
886,2024-11-01,65.0,78.59,82708,82708.0,NM0070000
887,2024-12-01,56.0,67.71,82708,82708.0,NM0070000
888,2024-01-01,20.0,41.58,48102,48102.0,NM0170000
889,2024-02-01,11.0,22.87,48102,48102.0,NM0170000
890,2024-03-01,10.0,20.79,48102,48102.0,NM0170000
891,2024-04-01,10.0,20.79,48102,48102.0,NM0170000
892,2024-05-01,30.0,62.37,48102,48102.0,NM0170000
893,2024-06-01,32.0,66.53,48102,48102.0,NM0170000
894,2024-07-01,41.0,85.24,48102,48102.0,NM0170000
895,2024-08-01,48.0,99.79,48102,48102.0,NM0170000
896,2024-09-01,28.0,58.21,48102,48102.0,NM0170000
897,2024-10-01,27.0,56.13,48102,48102.0,NM0170000
898,2024-11-01,27.0,56.13,48102,48102.0,NM0170000
899,2024-12-01,22.0,45.74,48102,48102.0,NM0170000
900,2024-01-01,82.0,409.61,20019,20019.0,NM0170100
901,2024-02-01,94.0,469.55,20019,20019.0,NM0170100
902,2024-03-01,116.0,579.45,20019,20019.0,NM0170100
903,2024-04-01,112.0,559.47,20019,20019.0,NM0170100
904,2024-05-01,114.0,569.46,20019,20019.0,NM0170100
905,2024-06-01,117.0,584.44,20019,20019.0,NM0170100
906,2024-07-01,145.0,724.31,20019,20019.0,NM0170100
907,2024-08-01,159.0,794.25,20019,20019.0,NM0170100
908,2024-09-01,127.0,634.4,20019,20019.0,NM0170100
909,2024-10-01,152.0,759.28,20019,20019.0,NM0170100
910,2024-11-01,123.0,614.42,20019,20019.0,NM0170100
911,2024-12-01,129.0,644.39,20019,20019.0,NM0170100
912,2024-01-01,13.0,177.35,7330,7330.0,NM0240300
913,2024-02-01,11.0,150.07,7330,7330.0,NM0240300
914,2024-03-01,11.0,150.07,7330,7330.0,NM0240300
915,2024-04-01,15.0,204.64,7330,7330.0,NM0240300
916,2024-05-01,14.0,191.0,7330,7330.0,NM0240300
917,2024-06-01,16.0,218.28,7330,7330.0,NM0240300
918,2024-07-01,24.0,327.42,7330,7330.0,NM0240300
919,2024-08-01,22.0,300.14,7330,7330.0,NM0240300
920,2024-09-01,14.0,191.0,7330,7330.0,NM0240300
921,2024-10-01,20.0,272.85,7330,7330.0,NM0240300
922,2024-11-01,12.0,163.71,7330,7330.0,NM0240300
923,2024-12-01,18.0,245.57,7330,7330.0,NM0240300
924,2024-01-01,266.0,576.38,46150,46150.0,NM0240200
925,2024-02-01,251.0,543.88,46150,46150.0,NM0240200
926,2024-03-01,2.0,4.33,46150,46150.0,NM0240200
927,2024-04-01,287.0,621.89,46150,46150.0,NM0240200
928,2024-05-01,207.0,448.54,46150,46150.0,NM0240200
929,2024-06-01,272.0,589.38,46150,46150.0,NM0240200
930,2024-07-01,296.0,641.39,46150,46150.0,NM0240200
931,2024-08-01,272.0,589.38,46150,46150.0,NM0240200
932,2024-09-01,233.0,504.88,46150,46150.0,NM0240200
933,2024-10-01,237.0,513.54,46150,46150.0,NM0240200
934,2024-11-01,223.0,483.21,46150,46150.0,NM0240200
935,2024-12-01,220.0,476.71,46150,46150.0,NM0240200
936,2024-01-01,104.0,168.22,61822,61822.0,NM0240000
937,2024-02-01,112.0,181.17,61822,61822.0,NM0240000
938,2024-03-01,101.0,163.37,61822,61822.0,NM0240000
939,2024-04-01,106.0,171.46,61822,61822.0,NM0240000
940,2024-05-01,126.0,203.81,61822,61822.0,NM0240000
941,2024-06-01,99.0,160.14,61822,61822.0,NM0240000
942,2024-07-01,127.0,205.43,61822,61822.0,NM0240000
943,2024-08-01,118.0,190.87,61822,61822.0,NM0240000
944,2024-09-01,101.0,163.37,61822,61822.0,NM0240000
945,2024-10-01,100.0,161.75,61822,61822.0,NM0240000
946,2024-11-01,76.0,122.93,61822,61822.0,NM0240000
947,2024-12-01,83.0,134.26,61822,61822.0,NM0240000
948,2024-01-01,7.0,114.59,6109,6109.0,NM0240100
949,2024-02-01,13.0,212.8,6109,6109.0,NM0240100
950,2024-03-01,18.0,294.65,6109,6109.0,NM0240100
951,2024-04-01,13.0,212.8,6109,6109.0,NM0240100
952,2024-05-01,22.0,360.12,6109,6109.0,NM0240100
953,2024-06-01,10.0,163.69,6109,6109.0,NM0240100
954,2024-07-01,12.0,196.43,6109,6109.0,NM0240100
955,2024-08-01,18.0,294.65,6109,6109.0,NM0240100
956,2024-09-01,16.0,261.91,6109,6109.0,NM0240100
957,2024-10-01,8.0,130.95,6109,6109.0,NM0240100
958,2024-11-01,13.0,212.8,6109,6109.0,NM0240100
959,2024-12-01,9.0,147.32,6109,6109.0,NM0240100
960,2024-01-01,0.0,0.0,169,169.0,NM0230700
961,2024-02-01,0.0,0.0,169,169.0,NM0230700
962,2024-03-01,0.0,0.0,169,169.0,NM0230700
963,2024-04-01,0.0,0.0,169,169.0,NM0230700
964,2024-05-01,0.0,0.0,169,169.0,NM0230700
965,2024-06-01,0.0,0.0,169,169.0,NM0230700
966,2024-07-01,0.0,0.0,169,169.0,NM0230700
967,2024-08-01,0.0,0.0,169,0.0,NM0230700
968,2024-09-01,0.0,0.0,169,169.0,NM0230700
969,2024-10-01,0.0,0.0,169,169.0,NM0230700
970,2024-11-01,0.0,0.0,169,169.0,NM0230700
971,2024-12-01,0.0,0.0,169,169.0,NM0230700
972,2024-01-01,6.0,69.34,8653,8653.0,NM0230300
973,2024-02-01,4.0,46.23,8653,8653.0,NM0230300
974,2024-03-01,7.0,80.9,8653,8653.0,NM0230300
975,2024-04-01,7.0,80.9,8653,8653.0,NM0230300
976,2024-05-01,5.0,57.78,8653,8653.0,NM0230300
977,2024-06-01,6.0,69.34,8653,8653.0,NM0230300
978,2024-07-01,7.0,80.9,8653,8653.0,NM0230300
979,2024-08-01,2.0,23.11,8653,8653.0,NM0230300
980,2024-09-01,4.0,46.23,8653,8653.0,NM0230300
981,2024-10-01,4.0,46.23,8653,8653.0,NM0230300
982,2024-11-01,1.0,11.56,8653,8653.0,NM0230300
983,2024-12-01,5.0,57.78,8653,8653.0,NM0230300
984,2024-01-01,0.0,0.0,640,0.0,NM0230200
985,2024-02-01,0.0,0.0,640,0.0,NM0230200
986,2024-03-01,0.0,0.0,640,0.0,NM0230200
987,2024-04-01,0.0,0.0,640,0.0,NM0230200
988,2024-05-01,0.0,0.0,640,0.0,NM0230200
989,2024-06-01,0.0,0.0,640,0.0,NM0230200
990,2024-07-01,0.0,0.0,640,0.0,NM0230200
991,2024-08-01,0.0,0.0,640,0.0,NM0230200
992,2024-09-01,0.0,0.0,640,0.0,NM0230200
993,2024-10-01,0.0,0.0,640,0.0,NM0230200
994,2024-11-01,0.0,0.0,640,0.0,NM0230200
995,2024-12-01,0.0,0.0,640,0.0,NM0230200
996,2024-01-01,26.0,284.34,9144,9144.0,NM0230100
997,2024-02-01,34.0,371.83,9144,9144.0,NM0230100
998,2024-03-01,30.0,328.08,9144,9144.0,NM0230100
999,2024-04-01,18.0,196.85,9144,9144.0,NM0230100
1000,2024-05-01,30.0,328.08,9144,9144.0,NM0230100
1001,2024-06-01,34.0,371.83,9144,9144.0,NM0230100
1002,2024-07-01,30.0,328.08,9144,9144.0,NM0230100
1003,2024-08-01,36.0,393.7,9144,9144.0,NM0230100
1004,2024-09-01,44.0,481.19,9144,9144.0,NM0230100
1005,2024-10-01,0.0,0.0,9144,9144.0,NM0230100
1006,2024-11-01,0.0,0.0,9144,9144.0,NM0230100
1007,2024-12-01,0.0,0.0,9144,9144.0,NM0230100
1008,2024-01-01,0.0,0.0,28071,28071.0,NM0230000
1009,2024-02-01,0.0,0.0,28071,28071.0,NM0230000
1010,2024-03-01,0.0,0.0,28071,28071.0,NM0230000
1011,2024-04-01,0.0,0.0,28071,28071.0,NM0230000
1012,2024-05-01,0.0,0.0,28071,28071.0,NM0230000
1013,2024-06-01,0.0,0.0,28071,28071.0,NM0230000
1014,2024-07-01,0.0,0.0,28071,28071.0,NM0230000
1015,2024-08-01,0.0,0.0,28071,28071.0,NM0230000
1016,2024-09-01,0.0,0.0,28071,28071.0,NM0230000
1017,2024-10-01,0.0,0.0,28071,28071.0,NM0230000
1018,2024-11-01,0.0,0.0,28071,28071.0,NM0230000
1019,2024-12-01,0.0,0.0,28071,28071.0,NM0230000
1020,2024-01-01,33.0,56.5,58404,58404.0,NM0260000
1021,2024-02-01,38.0,65.06,58404,58404.0,NM0260000
1022,2024-03-01,31.0,53.08,58404,58404.0,NM0260000
1023,2024-04-01,34.0,58.22,58404,58404.0,NM0260000
1024,2024-05-01,37.0,63.35,58404,58404.0,NM0260000
1025,2024-06-01,37.0,63.35,58404,58404.0,NM0260000
1026,2024-07-01,42.0,71.91,58404,58404.0,NM0260000
1027,2024-08-01,34.0,58.22,58404,58404.0,NM0260000
1028,2024-09-01,44.0,75.34,58404,58404.0,NM0260000
1029,2024-10-01,38.0,65.06,58404,58404.0,NM0260000
1030,2024-11-01,33.0,56.5,58404,58404.0,NM0260000
1031,2024-12-01,39.0,66.78,58404,58404.0,NM0260000
1032,2024-01-01,131.0,146.12,89652,89652.0,NM0260100
1033,2024-02-01,127.0,141.66,89652,89652.0,NM0260100
1034,2024-03-01,138.0,153.93,89652,89652.0,NM0260100
1035,2024-04-01,139.0,155.04,89652,89652.0,NM0260100
1036,2024-05-01,160.0,178.47,89652,89652.0,NM0260100
1037,2024-06-01,122.0,136.08,89652,89652.0,NM0260100
1038,2024-07-01,163.0,181.81,89652,89652.0,NM0260100
1039,2024-08-01,159.0,177.35,89652,89652.0,NM0260100
1040,2024-09-01,136.0,151.7,89652,89652.0,NM0260100
1041,2024-10-01,144.0,160.62,89652,89652.0,NM0260100
1042,2024-11-01,133.0,148.35,89652,89652.0,NM0260100
1043,2024-12-01,116.0,129.39,89652,89652.0,NM0260100
1044,2024-01-01,27.0,230.89,11694,11694.0,NM0300000
1045,2024-02-01,17.0,145.37,11694,11694.0,NM0300000
1046,2024-03-01,24.0,205.23,11694,11694.0,NM0300000
1047,2024-04-01,9.0,76.96,11694,11694.0,NM0300000
1048,2024-05-01,20.0,171.03,11694,11694.0,NM0300000
1049,2024-06-01,14.0,119.72,11694,11694.0,NM0300000
1050,2024-07-01,11.0,94.07,11694,11694.0,NM0300000
1051,2024-08-01,6.0,51.31,11694,11694.0,NM0300000
1052,2024-09-01,19.0,162.48,11694,11694.0,NM0300000
1053,2024-10-01,20.0,171.03,11694,11694.0,NM0300000
1054,2024-11-01,9.0,76.96,11694,11694.0,NM0300000
1055,2024-12-01,18.0,153.93,11694,11694.0,NM0300000
1056,2024-01-01,0.0,0.0,919,0.0,NM0300400
1057,2024-02-01,0.0,0.0,919,0.0,NM0300400
1058,2024-03-01,0.0,0.0,919,0.0,NM0300400
1059,2024-04-01,0.0,0.0,919,0.0,NM0300400
1060,2024-05-01,0.0,0.0,919,0.0,NM0300400
1061,2024-06-01,0.0,0.0,919,0.0,NM0300400
1062,2024-07-01,0.0,0.0,919,0.0,NM0300400
1063,2024-08-01,0.0,0.0,919,0.0,NM0300400
1064,2024-09-01,0.0,0.0,919,0.0,NM0300400
1065,2024-10-01,0.0,0.0,919,0.0,NM0300400
1066,2024-11-01,0.0,0.0,919,0.0,NM0300400
1067,2024-12-01,0.0,0.0,919,0.0,NM0300400
1068,2024-01-01,0.0,0.0,2033,0.0,NM0300300
1069,2024-02-01,0.0,0.0,2033,0.0,NM0300300
1070,2024-03-01,0.0,0.0,2033,0.0,NM0300300
1071,2024-04-01,0.0,0.0,2033,0.0,NM0300300
1072,2024-05-01,0.0,0.0,2033,0.0,NM0300300
1073,2024-06-01,0.0,0.0,2033,0.0,NM0300300
1074,2024-07-01,0.0,0.0,2033,0.0,NM0300300
1075,2024-08-01,0.0,0.0,2033,0.0,NM0300300
1076,2024-09-01,0.0,0.0,2033,0.0,NM0300300
1077,2024-10-01,0.0,0.0,2033,0.0,NM0300300
1078,2024-11-01,0.0,0.0,2033,0.0,NM0300300
1079,2024-12-01,0.0,0.0,2033,0.0,NM0300300
1080,2024-01-01,0.0,0.0,1309,0.0,NM0300200
1081,2024-02-01,0.0,0.0,1309,0.0,NM0300200
1082,2024-03-01,0.0,0.0,1309,0.0,NM0300200
1083,2024-04-01,0.0,0.0,1309,0.0,NM0300200
1084,2024-05-01,0.0,0.0,1309,0.0,NM0300200
1085,2024-06-01,0.0,0.0,1309,0.0,NM0300200
1086,2024-07-01,0.0,0.0,1309,0.0,NM0300200
1087,2024-08-01,0.0,0.0,1309,0.0,NM0300200
1088,2024-09-01,0.0,0.0,1309,0.0,NM0300200
1089,2024-10-01,0.0,0.0,1309,0.0,NM0300200
1090,2024-11-01,0.0,0.0,1309,0.0,NM0300200
1091,2024-12-01,0.0,0.0,1309,0.0,NM0300200
1092,2024-01-01,63.0,839.1,7508,7508.0,NM0320100
1093,2024-02-01,57.0,759.19,7508,7508.0,NM0320100
1094,2024-03-01,60.0,799.15,7508,7508.0,NM0320100
1095,2024-04-01,40.0,532.77,7508,7508.0,NM0320100
1096,2024-05-01,62.0,825.79,7508,7508.0,NM0320100
1097,2024-06-01,60.0,799.15,7508,7508.0,NM0320100
1098,2024-07-01,54.0,719.23,7508,7508.0,NM0320100
1099,2024-08-01,40.0,532.77,7508,7508.0,NM0320100
1100,2024-09-01,50.0,665.96,7508,7508.0,NM0320100
1101,2024-10-01,51.0,679.28,7508,7508.0,NM0320100
1102,2024-11-01,49.0,652.64,7508,7508.0,NM0320100
1103,2024-12-01,67.0,892.38,7508,7508.0,NM0320100
1104,2024-01-01,43.0,104.7,41069,41069.0,NM0320000
1105,2024-02-01,58.0,141.23,41069,41069.0,NM0320000
1106,2024-03-01,65.0,158.27,41069,41069.0,NM0320000
1107,2024-04-01,60.0,146.1,41069,41069.0,NM0320000
1108,2024-05-01,58.0,141.23,41069,41069.0,NM0320000
1109,2024-06-01,61.0,148.53,41069,41069.0,NM0320000
1110,2024-07-01,86.0,209.4,41069,41069.0,NM0320000
1111,2024-08-01,82.0,199.66,41069,41069.0,NM0320000
1112,2024-09-01,96.0,233.75,41069,41069.0,NM0320000
1113,2024-10-01,98.0,238.62,41069,41069.0,NM0320000
1114,2024-11-01,64.0,155.84,41069,41069.0,NM0320000
1115,2024-12-01,73.0,177.75,41069,41069.0,NM0320000
1116,2024-01-01,38.0,192.82,19707,19707.0,NM0320300
1117,2024-02-01,32.0,162.38,19707,19707.0,NM0320300
1118,2024-03-01,37.0,187.75,19707,19707.0,NM0320300
1119,2024-04-01,45.0,228.35,19707,19707.0,NM0320300
1120,2024-05-01,29.0,147.16,19707,19707.0,NM0320300
1121,2024-06-01,37.0,187.75,19707,19707.0,NM0320300
1122,2024-07-01,43.0,218.2,19707,19707.0,NM0320300
1123,2024-08-01,43.0,218.2,19707,19707.0,NM0320300
1124,2024-09-01,50.0,253.72,19707,19707.0,NM0320300
1125,2024-10-01,32.0,162.38,19707,19707.0,NM0320300
1126,2024-11-01,32.0,162.38,19707,19707.0,NM0320300
1127,2024-12-01,30.0,152.23,19707,19707.0,NM0320300
1128,2024-01-01,4.0,97.7,4094,4094.0,NM0320700
1129,2024-02-01,2.0,48.85,4094,4094.0,NM0320700
1130,2024-03-01,3.0,73.28,4094,4094.0,NM0320700
1131,2024-04-01,1.0,24.43,4094,4094.0,NM0320700
1132,2024-05-01,2.0,48.85,4094,4094.0,NM0320700
1133,2024-06-01,0.0,0.0,4094,4094.0,NM0320700
1134,2024-07-01,5.0,122.13,4094,4094.0,NM0320700
1135,2024-08-01,5.0,122.13,4094,4094.0,NM0320700
1136,2024-09-01,3.0,73.28,4094,4094.0,NM0320700
1137,2024-10-01,4.0,97.7,4094,4094.0,NM0320700
1138,2024-11-01,3.0,73.28,4094,4094.0,NM0320700
1139,2024-12-01,2.0,48.85,4094,4094.0,NM0320700
1140,2024-01-01,0.0,0.0,0,0.0,NM0321000
1141,2024-02-01,0.0,0.0,0,0.0,NM0321000
1142,2024-03-01,0.0,0.0,0,0.0,NM0321000
1143,2024-04-01,0.0,0.0,0,0.0,NM0321000
1144,2024-05-01,0.0,0.0,0,0.0,NM0321000
1145,2024-06-01,0.0,0.0,0,0.0,NM0321000
1146,2024-07-01,0.0,0.0,0,0.0,NM0321000
1147,2024-08-01,0.0,0.0,0,0.0,NM0321000
1148,2024-09-01,0.0,0.0,0,0.0,NM0321000
1149,2024-10-01,0.0,0.0,0,0.0,NM0321000
1150,2024-11-01,0.0,0.0,0,0.0,NM0321000
1151,2024-12-01,0.0,0.0,0,0.0,NM0321000
1152,2024-01-01,0.0,0.0,4899,0.0,NM0321100
1153,2024-02-01,0.0,0.0,4899,0.0,NM0321100
1154,2024-03-01,0.0,0.0,4899,0.0,NM0321100
1155,2024-04-01,0.0,0.0,4899,0.0,NM0321100
1156,2024-05-01,0.0,0.0,4899,0.0,NM0321100
1157,2024-06-01,0.0,0.0,4899,0.0,NM0321100
1158,2024-07-01,0.0,0.0,4899,0.0,NM0321100
1159,2024-08-01,0.0,0.0,4899,0.0,NM0321100
1160,2024-09-01,0.0,0.0,4899,0.0,NM0321100
1161,2024-10-01,0.0,0.0,4899,0.0,NM0321100
1162,2024-11-01,0.0,0.0,4899,0.0,NM0321100
1163,2024-12-01,0.0,0.0,4899,0.0,NM0321100
1164,2024-01-01,1.0,28.97,3452,3452.0,NM032100X
1165,2024-02-01,1.0,28.97,3452,3452.0,NM032100X
1166,2024-03-01,2.0,57.94,3452,3452.0,NM032100X
1167,2024-04-01,2.0,57.94,3452,3452.0,NM032100X
1168,2024-05-01,2.0,57.94,3452,3452.0,NM032100X
1169,2024-06-01,0.0,0.0,3452,3452.0,NM032100X
1170,2024-07-01,2.0,57.94,3452,3452.0,NM032100X
1171,2024-08-01,0.0,0.0,3452,3452.0,NM032100X
1172,2024-09-01,0.0,0.0,3452,3452.0,NM032100X
1173,2024-10-01,4.0,115.87,3452,3452.0,NM032100X
1174,2024-11-01,1.0,28.97,3452,3452.0,NM032100X
1175,2024-12-01,2.0,57.94,3452,3452.0,NM032100X
1176,2024-01-01,4.0,260.59,1535,1535.0,NM0100000
1177,2024-02-01,2.0,130.29,1535,1535.0,NM0100000
1178,2024-03-01,0.0,0.0,1535,1535.0,NM0100000
1179,2024-04-01,8.0,521.17,1535,1535.0,NM0100000
1180,2024-05-01,3.0,195.44,1535,1535.0,NM0100000
1181,2024-06-01,1.0,65.15,1535,1535.0,NM0100000
1182,2024-07-01,4.0,260.59,1535,1535.0,NM0100000
1183,2024-08-01,0.0,0.0,1535,1535.0,NM0100000
1184,2024-09-01,7.0,456.03,1535,1535.0,NM0100000
1185,2024-10-01,0.0,0.0,1535,1535.0,NM0100000
1186,2024-11-01,3.0,195.44,1535,1535.0,NM0100000
1187,2024-12-01,1.0,65.15,1535,1535.0,NM0100000
1188,2024-01-01,2.0,72.91,2743,2743.0,NM0100100
1189,2024-02-01,4.0,145.83,2743,2743.0,NM0100100
1190,2024-03-01,3.0,109.37,2743,2743.0,NM0100100
1191,2024-04-01,7.0,255.2,2743,2743.0,NM0100100
1192,2024-05-01,3.0,109.37,2743,2743.0,NM0100100
1193,2024-06-01,3.0,109.37,2743,2743.0,NM0100100
1194,2024-07-01,4.0,145.83,2743,2743.0,NM0100100
1195,2024-08-01,1.0,36.46,2743,2743.0,NM0100100
1196,2024-09-01,5.0,182.28,2743,2743.0,NM0100100
1197,2024-10-01,6.0,218.74,2743,2743.0,NM0100100
1198,2024-11-01,3.0,109.37,2743,2743.0,NM0100100
1199,2024-12-01,2.0,72.91,2743,2743.0,NM0100100
1200,2024-01-01,3.0,-1.0,0,0.0,NM0220200
1201,2024-02-01,2.0,-1.0,0,0.0,NM0220200
1202,2024-03-01,4.0,-1.0,0,0.0,NM0220200
1203,2024-04-01,1.0,-1.0,0,0.0,NM0220200
1204,2024-05-01,1.0,-1.0,0,0.0,NM0220200
1205,2024-06-01,0.0,-1.0,0,0.0,NM0220200
1206,2024-07-01,1.0,-1.0,0,0.0,NM0220200
1207,2024-08-01,1.0,-1.0,0,0.0,NM0220200
1208,2024-09-01,4.0,-1.0,0,0.0,NM0220200
1209,2024-10-01,6.0,-1.0,0,0.0,NM0220200
1210,2024-11-01,5.0,-1.0,0,0.0,NM0220200
1211,2024-12-01,11.0,-1.0,0,0.0,NM0220200
1212,2024-01-01,10.0,84.95,11772,11772.0,NM0220100
1213,2024-02-01,39.0,331.29,11772,11772.0,NM0220100
1214,2024-03-01,50.0,424.74,11772,11772.0,NM0220100
1215,2024-04-01,45.0,382.26,11772,11772.0,NM0220100
1216,2024-05-01,35.0,297.32,11772,11772.0,NM0220100
1217,2024-06-01,39.0,331.29,11772,11772.0,NM0220100
1218,2024-07-01,63.0,535.17,11772,11772.0,NM0220100
1219,2024-08-01,39.0,331.29,11772,11772.0,NM0220100
1220,2024-09-01,45.0,382.26,11772,11772.0,NM0220100
1221,2024-10-01,51.0,433.23,11772,11772.0,NM0220100
1222,2024-11-01,31.0,263.34,11772,11772.0,NM0220100
1223,2024-12-01,49.0,416.24,11772,11772.0,NM0220100
1224,2024-01-01,0.0,0.0,7046,0.0,NM0220000
1225,2024-02-01,0.0,0.0,7046,0.0,NM0220000
1226,2024-03-01,0.0,0.0,7046,0.0,NM0220000
1227,2024-04-01,0.0,0.0,7046,0.0,NM0220000
1228,2024-05-01,0.0,0.0,7046,0.0,NM0220000
1229,2024-06-01,0.0,0.0,7046,0.0,NM0220000
1230,2024-07-01,0.0,0.0,7046,0.0,NM0220000
1231,2024-08-01,0.0,0.0,7046,0.0,NM0220000
1232,2024-09-01,0.0,0.0,7046,0.0,NM0220000
1233,2024-10-01,0.0,0.0,7046,0.0,NM0220000
1234,2024-11-01,0.0,0.0,7046,0.0,NM0220000
1235,2024-12-01,0.0,0.0,7046,0.0,NM0220000
1236,2024-01-01,1332.0,238.39,558745,558745.0,NM0010100
1237,2024-02-01,1283.0,229.62,558745,558745.0,NM0010100
1238,2024-03-01,1272.0,227.65,558745,558745.0,NM0010100
1239,2024-04-01,1341.0,240.0,558745,558745.0,NM0010100
1240,2024-05-01,1248.0,223.36,558745,558745.0,NM0010100
1241,2024-06-01,1235.0,221.03,558745,558745.0,NM0010100
1242,2024-07-01,1512.0,270.61,558745,558745.0,NM0010100
1243,2024-08-01,1463.0,261.84,558745,558745.0,NM0010100
1244,2024-09-01,1426.0,255.21,558745,558745.0,NM0010100
1245,2024-10-01,1373.0,245.73,558745,558745.0,NM0010100
1246,2024-11-01,1303.0,233.2,558745,558745.0,NM0010100
1247,2024-12-01,1378.0,246.62,558745,558745.0,NM0010100
1248,2024-01-01,9.0,-1.0,0,0.0,NM0010200
1249,2024-02-01,8.0,-1.0,0,0.0,NM0010200
1250,2024-03-01,7.0,-1.0,0,0.0,NM0010200
1251,2024-04-01,33.0,-1.0,0,0.0,NM0010200
1252,2024-05-01,18.0,-1.0,0,0.0,NM0010200
1253,2024-06-01,10.0,-1.0,0,0.0,NM0010200
1254,2024-07-01,9.0,-1.0,0,0.0,NM0010200
1255,2024-08-01,11.0,-1.0,0,0.0,NM0010200
1256,2024-09-01,12.0,-1.0,0,0.0,NM0010200
1257,2024-10-01,8.0,-1.0,0,0.0,NM0010200
1258,2024-11-01,6.0,-1.0,0,0.0,NM0010200
1259,2024-12-01,12.0,-1.0,0,0.0,NM0010200
1260,2024-01-01,0.0,0.0,0,0.0,NM0011200
1261,2024-02-01,0.0,0.0,0,0.0,NM0011200
1262,2024-03-01,0.0,0.0,0,0.0,NM0011200
1263,2024-04-01,0.0,0.0,0,0.0,NM0011200
1264,2024-05-01,0.0,0.0,0,0.0,NM0011200
1265,2024-06-01,0.0,0.0,0,0.0,NM0011200
1266,2024-07-01,0.0,0.0,0,0.0,NM0011200
1267,2024-08-01,0.0,0.0,0,0.0,NM0011200
1268,2024-09-01,0.0,0.0,0,0.0,NM0011200
1269,2024-10-01,0.0,0.0,0,0.0,NM0011200
1270,2024-11-01,0.0,0.0,0,0.0,NM0011200
1271,2024-12-01,0.0,0.0,0,0.0,NM0011200
1272,2024-01-01,253.0,217.25,116455,116455.0,NM0010000
1273,2024-02-01,243.0,208.66,116455,116455.0,NM0010000
1274,2024-03-01,278.0,238.72,116455,116455.0,NM0010000
1275,2024-04-01,233.0,200.08,116455,116455.0,NM0010000
1276,2024-05-01,252.0,216.39,116455,116455.0,NM0010000
1277,2024-06-01,299.0,256.75,116455,116455.0,NM0010000
1278,2024-07-01,313.0,268.77,116455,116455.0,NM0010000
1279,2024-08-01,330.0,283.37,116455,116455.0,NM0010000
1280,2024-09-01,314.0,269.63,116455,116455.0,NM0010000
1281,2024-10-01,210.0,180.33,116455,116455.0,NM0010000
1282,2024-11-01,234.0,200.94,116455,116455.0,NM0010000
1283,2024-12-01,245.0,210.38,116455,116455.0,NM0010000
1284,2024-01-01,0.0,0.0,19609,19609.0,NM0150100
1285,2024-02-01,0.0,0.0,19609,19609.0,NM0150100
1286,2024-03-01,0.0,0.0,19609,19609.0,NM0150100
1287,2024-04-01,0.0,0.0,19609,19609.0,NM0150100
1288,2024-05-01,1.0,5.1,19609,19609.0,NM0150100
1289,2024-06-01,1.0,5.1,19609,19609.0,NM0150100
1290,2024-07-01,0.0,0.0,19609,19609.0,NM0150100
1291,2024-08-01,3.0,15.3,19609,19609.0,NM0150100
1292,2024-09-01,0.0,0.0,19609,19609.0,NM0150100
1293,2024-10-01,0.0,0.0,19609,19609.0,NM0150100
1294,2024-11-01,2.0,10.2,19609,19609.0,NM0150100
1295,2024-12-01,1.0,5.1,19609,19609.0,NM0150100
1296,2024-01-01,0.0,0.0,33039,0.0,NM0210000
1297,2024-02-01,0.0,0.0,33039,0.0,NM0210000
1298,2024-03-01,0.0,0.0,33039,0.0,NM0210000
1299,2024-04-01,0.0,0.0,33039,0.0,NM0210000
1300,2024-05-01,0.0,0.0,33039,0.0,NM0210000
1301,2024-06-01,0.0,0.0,33039,0.0,NM0210000
1302,2024-07-01,0.0,0.0,33039,33039.0,NM0210000
1303,2024-08-01,0.0,0.0,33039,0.0,NM0210000
1304,2024-09-01,0.0,0.0,33039,0.0,NM0210000
1305,2024-10-01,0.0,0.0,33039,0.0,NM0210000
1306,2024-11-01,0.0,0.0,33039,0.0,NM0210000
1307,2024-12-01,0.0,0.0,33039,0.0,NM0210000
1308,2024-01-01,0.0,0.0,0,0.0,NM0250300
1309,2024-02-01,0.0,0.0,0,0.0,NM0250300
1310,2024-03-01,0.0,0.0,0,0.0,NM0250300
1311,2024-04-01,0.0,0.0,0,0.0,NM0250300
1312,2024-05-01,0.0,0.0,0,0.0,NM0250300
1313,2024-06-01,0.0,0.0,0,0.0,NM0250300
1314,2024-07-01,0.0,0.0,0,0.0,NM0250300
1315,2024-08-01,0.0,0.0,0,0.0,NM0250300
1316,2024-09-01,0.0,0.0,0,0.0,NM0250300
1317,2024-10-01,0.0,0.0,0,0.0,NM0250300
1318,2024-11-01,0.0,0.0,0,0.0,NM0250300
1319,2024-12-01,0.0,0.0,0,0.0,NM0250300
1320,2024-01-01,7.0,50.31,13913,13913.0,NM0250000
1321,2024-02-01,2.0,14.38,13913,13913.0,NM0250000
1322,2024-03-01,4.0,28.75,13913,13913.0,NM0250000
1323,2024-04-01,3.0,21.56,13913,13913.0,NM0250000
1324,2024-05-01,7.0,50.31,13913,13913.0,NM0250000
1325,2024-06-01,3.0,21.56,13913,13913.0,NM0250000
1326,2024-07-01,7.0,50.31,13913,13913.0,NM0250000
1327,2024-08-01,10.0,71.88,13913,13913.0,NM0250000
1328,2024-09-01,6.0,43.13,13913,13913.0,NM0250000
1329,2024-10-01,11.0,79.06,13913,13913.0,NM0250000
1330,2024-11-01,3.0,21.56,13913,13913.0,NM0250000
1331,2024-12-01,9.0,64.69,13913,13913.0,NM0250000
1332,2024-01-01,53.0,413.55,12816,12816.0,NM0250100
1333,2024-02-01,54.0,421.35,12816,12816.0,NM0250100
1334,2024-03-01,47.0,366.73,12816,12816.0,NM0250100
1335,2024-04-01,48.0,374.53,12816,12816.0,NM0250100
1336,2024-05-01,34.0,265.29,12816,12816.0,NM0250100
1337,2024-06-01,28.0,218.48,12816,12816.0,NM0250100
1338,2024-07-01,59.0,460.36,12816,12816.0,NM0250100
1339,2024-08-01,46.0,358.93,12816,12816.0,NM0250100
1340,2024-09-01,46.0,358.93,12816,12816.0,NM0250100
1341,2024-10-01,38.0,296.5,12816,12816.0,NM0250100
1342,2024-11-01,44.0,343.32,12816,12816.0,NM0250100
1343,2024-12-01,41.0,319.91,12816,12816.0,NM0250100
1344,2024-01-01,5.0,-1.0,0,0.0,NM0230800
1345,2024-02-01,7.0,-1.0,0,0.0,NM0230800
1346,2024-03-01,8.0,-1.0,0,0.0,NM0230800
1347,2024-04-01,8.0,-1.0,0,0.0,NM0230800
1348,2024-05-01,9.0,-1.0,0,0.0,NM0230800
1349,2024-06-01,6.0,-1.0,0,0.0,NM0230800
1350,2024-07-01,11.0,-1.0,0,0.0,NM0230800
1351,2024-08-01,3.0,-1.0,0,0.0,NM0230800
1352,2024-09-01,8.0,-1.0,0,0.0,NM0230800
1353,2024-10-01,7.0,-1.0,0,0.0,NM0230800
1354,2024-11-01,7.0,-1.0,0,0.0,NM0230800
1355,2024-12-01,8.0,-1.0,0,0.0,NM0230800
1356,2024-01-01,67.0,-1.0,0,0.0,NM0170300
1357,2024-02-01,61.0,-1.0,0,0.0,NM0170300
1358,2024-03-01,46.0,-1.0,0,0.0,NM0170300
1359,2024-04-01,53.0,-1.0,0,0.0,NM0170300
1360,2024-05-01,65.0,-1.0,0,0.0,NM0170300
1361,2024-06-01,99.0,-1.0,0,0.0,NM0170300
1362,2024-07-01,116.0,-1.0,0,0.0,NM0170300
1363,2024-08-01,103.0,-1.0,0,0.0,NM0170300
1364,2024-09-01,92.0,-1.0,0,0.0,NM0170300
1365,2024-10-01,91.0,-1.0,0,0.0,NM0170300
1366,2024-11-01,100.0,-1.0,0,0.0,NM0170300
1367,2024-12-01,113.0,-1.0,0,0.0,NM0170300
1368,2024-01-01,24.0,-1.0,0,0.0,NM0170400
1369,2024-02-01,11.0,-1.0,0,0.0,NM0170400
1370,2024-03-01,16.0,-1.0,0,0.0,NM0170400
1371,2024-04-01,15.0,-1.0,0,0.0,NM0170400
1372,2024-05-01,23.0,-1.0,0,0.0,NM0170400
1373,2024-06-01,21.0,-1.0,0,0.0,NM0170400
1374,2024-07-01,11.0,-1.0,0,0.0,NM0170400
1375,2024-08-01,20.0,-1.0,0,0.0,NM0170400
1376,2024-09-01,17.0,-1.0,0,0.0,NM0170400
1377,2024-10-01,17.0,-1.0,0,0.0,NM0170400
1378,2024-11-01,18.0,-1.0,0,0.0,NM0170400
1379,2024-12-01,17.0,-1.0,0,0.0,NM0170400
1380,2024-01-01,31.0,-1.0,0,0.0,NM0210300
1381,2024-02-01,31.0,-1.0,0,0.0,NM0210300
1382,2024-03-01,30.0,-1.0,0,0.0,NM0210300
1383,2024-04-01,37.0,-1.0,0,0.0,NM0210300
1384,2024-05-01,29.0,-1.0,0,0.0,NM0210300
1385,2024-06-01,37.0,-1.0,0,0.0,NM0210300
1386,2024-07-01,44.0,-1.0,0,0.0,NM0210300
1387,2024-08-01,31.0,-1.0,0,0.0,NM0210300
1388,2024-09-01,17.0,-1.0,0,0.0,NM0210300
1389,2024-10-01,14.0,-1.0,0,0.0,NM0210300
1390,2024-11-01,17.0,-1.0,0,0.0,NM0210300
1391,2024-12-01,27.0,-1.0,0,0.0,NM0210300
1392,2024-01-01,3.0,-1.0,0,0.0,NM0210400
1393,2024-02-01,0.0,-1.0,0,0.0,NM0210400
1394,2024-03-01,2.0,-1.0,0,0.0,NM0210400
1395,2024-04-01,0.0,-1.0,0,0.0,NM0210400
1396,2024-05-01,0.0,-1.0,0,0.0,NM0210400
1397,2024-06-01,0.0,-1.0,0,0.0,NM0210400
1398,2024-07-01,0.0,-1.0,0,0.0,NM0210400
1399,2024-08-01,1.0,-1.0,0,0.0,NM0210400
1400,2024-09-01,0.0,-1.0,0,0.0,NM0210400
1401,2024-10-01,1.0,-1.0,0,0.0,NM0210400
1402,2024-11-01,0.0,-1.0,0,0.0,NM0210400
1403,2024-12-01,0.0,-1.0,0,0.0,NM0210400
1404,2024-01-01,2.0,-1.0,0,0.0,NM0210500
1405,2024-02-01,1.0,-1.0,0,0.0,NM0210500
1406,2024-03-01,0.0,-1.0,0,0.0,NM0210500
1407,2024-04-01,1.0,-1.0,0,0.0,NM0210500
1408,2024-05-01,2.0,-1.0,0,0.0,NM0210500
1409,2024-06-01,3.0,-1.0,0,0.0,NM0210500
1410,2024-07-01,4.0,-1.0,0,0.0,NM0210500
1411,2024-08-01,3.0,-1.0,0,0.0,NM0210500
1412,2024-09-01,2.0,-1.0,0,0.0,NM0210500
1413,2024-10-01,2.0,-1.0,0,0.0,NM0210500
1414,2024-11-01,1.0,-1.0,0,0.0,NM0210500
1415,2024-12-01,1.0,-1.0,0,0.0,NM0210500
1416,2024-01-01,0.0,0.0,0,0.0,NM0260500
1417,2024-02-01,0.0,0.0,0,0.0,NM0260500
1418,2024-03-01,0.0,0.0,0,0.0,NM0260500
1419,2024-04-01,0.0,0.0,0,0.0,NM0260500
1420,2024-05-01,0.0,0.0,0,0.0,NM0260500
1421,2024-06-01,0.0,0.0,0,0.0,NM0260500
1422,2024-07-01,0.0,0.0,0,0.0,NM0260500
1423,2024-08-01,0.0,0.0,0,0.0,NM0260500
1424,2024-09-01,0.0,0.0,0,0.0,NM0260500
1425,2024-10-01,0.0,-1.0,0,0.0,NM0260500
1426,2024-11-01,0.0,-1.0,0,0.0,NM0260500
1427,2024-12-01,0.0,-1.0,0,0.0,NM0260500
1428,2024-01-01,1.0,-1.0,0,0.0,NM0260700
1429,2024-02-01,0.0,-1.0,0,0.0,NM0260700
1430,2024-03-01,1.0,-1.0,0,0.0,NM0260700
1431,2024-04-01,1.0,-1.0,0,0.0,NM0260700
1432,2024-05-01,1.0,-1.0,0,0.0,NM0260700
1433,2024-06-01,5.0,-1.0,0,0.0,NM0260700
1434,2024-07-01,0.0,-1.0,0,0.0,NM0260700
1435,2024-08-01,0.0,-1.0,0,0.0,NM0260700
1436,2024-09-01,1.0,-1.0,0,0.0,NM0260700
1437,2024-10-01,2.0,-1.0,0,0.0,NM0260700
1438,2024-11-01,2.0,-1.0,0,0.0,NM0260700
1439,2024-12-01,0.0,-1.0,0,0.0,NM0260700
1440,2024-01-01,14.0,-1.0,0,0.0,NM0290400
1441,2024-02-01,13.0,-1.0,0,0.0,NM0290400
1442,2024-03-01,11.0,-1.0,0,0.0,NM0290400
1443,2024-04-01,2.0,-1.0,0,0.0,NM0290400
1444,2024-05-01,10.0,-1.0,0,0.0,NM0290400
1445,2024-06-01,3.0,-1.0,0,0.0,NM0290400
1446,2024-07-01,5.0,-1.0,0,0.0,NM0290400
1447,2024-08-01,11.0,-1.0,0,0.0,NM0290400
1448,2024-09-01,9.0,-1.0,0,0.0,NM0290400
1449,2024-10-01,4.0,-1.0,0,0.0,NM0290400
1450,2024-11-01,12.0,-1.0,0,0.0,NM0290400
1451,2024-12-01,11.0,-1.0,0,0.0,NM0290400
1452,2024-01-01,47.0,-1.0,0,0.0,NM0330300
1453,2024-02-01,35.0,-1.0,0,0.0,NM0330300
1454,2024-03-01,39.0,-1.0,0,0.0,NM0330300
1455,2024-04-01,40.0,-1.0,0,0.0,NM0330300
1456,2024-05-01,42.0,-1.0,0,0.0,NM0330300
1457,2024-06-01,46.0,-1.0,0,0.0,NM0330300
1458,2024-07-01,50.0,-1.0,0,0.0,NM0330300
1459,2024-08-01,51.0,-1.0,0,0.0,NM0330300
1460,2024-09-01,39.0,-1.0,0,0.0,NM0330300
1461,2024-10-01,39.0,-1.0,0,0.0,NM0330300
1462,2024-11-01,28.0,-1.0,0,0.0,NM0330300
1463,2024-12-01,34.0,-1.0,0,0.0,NM0330300
1464,2024-01-01,39.0,-1.0,0,0.0,NM0330400
1465,2024-02-01,30.0,-1.0,0,0.0,NM0330400
1466,2024-03-01,30.0,-1.0,0,0.0,NM0330400
1467,2024-04-01,22.0,-1.0,0,0.0,NM0330400
1468,2024-05-01,34.0,-1.0,0,0.0,NM0330400
1469,2024-06-01,15.0,-1.0,0,0.0,NM0330400
1470,2024-07-01,32.0,-1.0,0,0.0,NM0330400
1471,2024-08-01,25.0,-1.0,0,0.0,NM0330400
1472,2024-09-01,29.0,-1.0,0,0.0,NM0330400
1473,2024-10-01,20.0,-1.0,0,0.0,NM0330400
1474,2024-11-01,23.0,-1.0,0,0.0,NM0330400
1475,2024-12-01,21.0,-1.0,0,0.0,NM0330400
1476,2024-01-01,47.0,-1.0,0,0.0,NMDI02200
1477,2024-02-01,40.0,-1.0,0,0.0,NMDI02200
1478,2024-03-01,40.0,-1.0,0,0.0,NMDI02200
1479,2024-04-01,44.0,-1.0,0,0.0,NMDI02200
1480,2024-05-01,28.0,-1.0,0,0.0,NMDI02200
1481,2024-06-01,23.0,-1.0,0,0.0,NMDI02200
1482,2024-07-01,16.0,-1.0,0,0.0,NMDI02200
1483,2024-08-01,17.0,-1.0,0,0.0,NMDI02200
1484,2024-09-01,12.0,-1.0,0,0.0,NMDI02200
1485,2024-10-01,12.0,-1.0,0,0.0,NMDI02200
1486,2024-11-01,4.0,-1.0,0,0.0,NMDI02200
1487,2024-12-01,14.0,-1.0,0,0.0,NMDI02200
1488,2024-01-01,2.0,-1.0,0,0.0,NMDI02300
1489,2024-02-01,6.0,-1.0,0,0.0,NMDI02300
1490,2024-03-01,5.0,-1.0,0,0.0,NMDI02300
1491,2024-04-01,4.0,-1.0,0,0.0,NMDI02300
1492,2024-05-01,6.0,-1.0,0,0.0,NMDI02300
1493,2024-06-01,2.0,-1.0,0,0.0,NMDI02300
1494,2024-07-01,3.0,-1.0,0,0.0,NMDI02300
1495,2024-08-01,3.0,-1.0,0,0.0,NMDI02300
1496,2024-09-01,0.0,-1.0,0,0.0,NMDI02300
1497,2024-10-01,6.0,-1.0,0,0.0,NMDI02300
1498,2024-11-01,4.0,-1.0,0,0.0,NMDI02300
1499,2024-12-01,3.0,-1.0,0,0.0,NMDI02300
1500,2024-01-01,2.0,-1.0,0,0.0,NMDI05000
1501,2024-02-01,0.0,-1.0,0,0.0,NMDI05000
1502,2024-03-01,0.0,-1.0,0,0.0,NMDI05000
1503,2024-04-01,0.0,-1.0,0,0.0,NMDI05000
1504,2024-05-01,0.0,-1.0,0,0.0,NMDI05000
1505,2024-06-01,0.0,-1.0,0,0.0,NMDI05000
1506,2024-07-01,2.0,-1.0,0,0.0,NMDI05000
1507,2024-08-01,1.0,-1.0,0,0.0,NMDI05000
1508,2024-09-01,0.0,-1.0,0,0.0,NMDI05000
1509,2024-10-01,1.0,-1.0,0,0.0,NMDI05000
1510,2024-11-01,0.0,-1.0,0,0.0,NMDI05000
1511,2024-12-01,1.0,-1.0,0,0.0,NMDI05000
1512,2024-01-01,24.0,-1.0,0,0.0,NMDI05100
1513,2024-02-01,27.0,-1.0,0,0.0,NMDI05100
1514,2024-03-01,26.0,-1.0,0,0.0,NMDI05100
1515,2024-04-01,32.0,-1.0,0,0.0,NMDI05100
1516,2024-05-01,51.0,-1.0,0,0.0,NMDI05100
1517,2024-06-01,28.0,-1.0,0,0.0,NMDI05100
1518,2024-07-01,31.0,-1.0,0,0.0,NMDI05100
1519,2024-08-01,53.0,-1.0,0,0.0,NMDI05100
1520,2024-09-01,36.0,-1.0,0,0.0,NMDI05100
1521,2024-10-01,27.0,-1.0,0,0.0,NMDI05100
1522,2024-11-01,37.0,-1.0,0,0.0,NMDI05100
1523,2024-12-01,41.0,-1.0,0,0.0,NMDI05100
1524,2024-01-01,0.0,0.0,0,0.0,NMDI05500
1525,2024-02-01,0.0,0.0,0,0.0,NMDI05500
1526,2024-03-01,0.0,0.0,0,0.0,NMDI05500
1527,2024-04-01,0.0,0.0,0,0.0,NMDI05500
1528,2024-05-01,0.0,0.0,0,0.0,NMDI05500
1529,2024-06-01,0.0,0.0,0,0.0,NMDI05500
1530,2024-07-01,0.0,0.0,0,0.0,NMDI05500
1531,2024-08-01,0.0,0.0,0,0.0,NMDI05500
1532,2024-09-01,0.0,0.0,0,0.0,NMDI05500
1533,2024-10-01,0.0,0.0,0,0.0,NMDI05500
1534,2024-11-01,0.0,0.0,0,0.0,NMDI05500
1535,2024-12-01,0.0,0.0,0,0.0,NMDI05500
1536,2024-01-01,21.0,-1.0,0,0.0,NMDI05700
1537,2024-02-01,25.0,-1.0,0,0.0,NMDI05700
1538,2024-03-01,43.0,-1.0,0,0.0,NMDI05700
1539,2024-04-01,22.0,-1.0,0,0.0,NMDI05700
1540,2024-05-01,32.0,-1.0,0,0.0,NMDI05700
1541,2024-06-01,20.0,-1.0,0,0.0,NMDI05700
1542,2024-07-01,17.0,-1.0,0,0.0,NMDI05700
1543,2024-08-01,19.0,-1.0,0,0.0,NMDI05700
1544,2024-09-01,20.0,-1.0,0,0.0,NMDI05700
1545,2024-10-01,34.0,-1.0,0,0.0,NMDI05700
1546,2024-11-01,25.0,-1.0,0,0.0,NMDI05700
1547,2024-12-01,31.0,-1.0,0,0.0,NMDI05700
1548,2024-01-01,19.0,-1.0,0,0.0,NMDI07000
1549,2024-02-01,30.0,-1.0,0,0.0,NMDI07000
1550,2024-03-01,22.0,-1.0,0,0.0,NMDI07000
1551,2024-04-01,27.0,-1.0,0,0.0,NMDI07000
1552,2024-05-01,21.0,-1.0,0,0.0,NMDI07000
1553,2024-06-01,33.0,-1.0,0,0.0,NMDI07000
1554,2024-07-01,10.0,-1.0,0,0.0,NMDI07000
1555,2024-08-01,17.0,-1.0,0,0.0,NMDI07000
1556,2024-09-01,21.0,-1.0,0,0.0,NMDI07000
1557,2024-10-01,29.0,-1.0,0,0.0,NMDI07000
1558,2024-11-01,35.0,-1.0,0,0.0,NMDI07000
1559,2024-12-01,30.0,-1.0,0,0.0,NMDI07000
1560,2024-01-01,1.0,-1.0,0,0.0,NMDI08300
1561,2024-02-01,2.0,-1.0,0,0.0,NMDI08300
1562,2024-03-01,8.0,-1.0,0,0.0,NMDI08300
1563,2024-04-01,3.0,-1.0,0,0.0,NMDI08300
1564,2024-05-01,3.0,-1.0,0,0.0,NMDI08300
1565,2024-06-01,7.0,-1.0,0,0.0,NMDI08300
1566,2024-07-01,6.0,-1.0,0,0.0,NMDI08300
1567,2024-08-01,2.0,-1.0,0,0.0,NMDI08300
1568,2024-09-01,3.0,-1.0,0,0.0,NMDI08300
1569,2024-10-01,2.0,-1.0,0,0.0,NMDI08300
1570,2024-11-01,3.0,-1.0,0,0.0,NMDI08300
1571,2024-12-01,4.0,-1.0,0,0.0,NMDI08300
1572,2024-01-01,0.0,-1.0,0,0.0,NMNSP0000
1573,2024-02-01,0.0,-1.0,0,0.0,NMNSP0000
1574,2024-03-01,0.0,-1.0,0,0.0,NMNSP0000
1575,2024-04-01,0.0,-1.0,0,0.0,NMNSP0000
1576,2024-05-01,0.0,-1.0,0,0.0,NMNSP0000
1577,2024-06-01,0.0,-1.0,0,0.0,NMNSP0000
1578,2024-07-01,0.0,-1.0,0,0.0,NMNSP0000
1579,2024-08-01,0.0,-1.0,0,0.0,NMNSP0000
1580,2024-09-01,0.0,-1.0,0,0.0,NMNSP0000
1581,2024-10-01,1.0,-1.0,0,0.0,NMNSP0000
1582,2024-11-01,1.0,-1.0,0,0.0,NMNSP0000
1583,2024-12-01,2.0,-1.0,0,0.0,NMNSP0000
1584,2024-01-01,168.0,148.91,112817,112817.0,NM0230600
1585,2024-02-01,167.0,148.03,112817,112817.0,NM0230600
1586,2024-03-01,148.0,131.19,112817,112817.0,NM0230600
1587,2024-04-01,173.0,153.35,112817,112817.0,NM0230600
1588,2024-05-01,200.0,177.28,112817,112817.0,NM0230600
1589,2024-06-01,187.0,165.76,112817,112817.0,NM0230600
1590,2024-07-01,210.0,186.14,112817,112817.0,NM0230600
1591,2024-08-01,195.0,172.85,112817,112817.0,NM0230600
1592,2024-09-01,177.0,156.89,112817,112817.0,NM0230600
1593,2024-10-01,159.0,140.94,112817,112817.0,NM0230600
1594,2024-11-01,153.0,135.62,112817,112817.0,NM0230600
1595,2024-12-01,193.0,171.07,112817,112817.0,NM0230600
1596,2024-01-01,3.0,49.08,6113,6113.0,NM0261200
1597,2024-02-01,8.0,130.87,6113,6113.0,NM0261200
1598,2024-03-01,9.0,147.23,6113,6113.0,NM0261200
1599,2024-04-01,6.0,98.15,6113,6113.0,NM0261200
1600,2024-05-01,12.0,196.3,6113,6113.0,NM0261200
1601,2024-06-01,13.0,212.66,6113,6113.0,NM0261200
1602,2024-07-01,18.0,294.45,6113,6113.0,NM0261200
1603,2024-08-01,24.0,392.61,6113,6113.0,NM0261200
1604,2024-09-01,10.0,163.59,6113,6113.0,NM0261200
1605,2024-10-01,7.0,114.51,6113,6113.0,NM0261200
1606,2024-11-01,11.0,179.94,6113,6113.0,NM0261200
1607,2024-12-01,15.0,245.38,6113,6113.0,NM0261200
1608,2024-01-01,0.0,0.0,10400,0.0,NM0210100
1609,2024-02-01,0.0,0.0,10400,0.0,NM0210100
1610,2024-03-01,0.0,0.0,10400,0.0,NM0210100
1611,2024-04-01,0.0,0.0,10400,0.0,NM0210100
1612,2024-05-01,0.0,0.0,10400,0.0,NM0210100
1613,2024-06-01,0.0,0.0,10400,0.0,NM0210100
1614,2024-07-01,0.0,0.0,10400,0.0,NM0210100
1615,2024-08-01,0.0,0.0,10400,0.0,NM0210100
1616,2024-09-01,0.0,0.0,10400,0.0,NM0210100
1617,2024-10-01,0.0,0.0,10400,0.0,NM0210100
1618,2024-11-01,0.0,0.0,10400,0.0,NM0210100
1619,2024-12-01,0.0,0.0,10400,0.0,NM0210100
